score	a	a_par	b	b_par	a_text	b_text
0.866	1.3	2	5.1.1	10	Psychologist Carol Dweck's distinction between a fixed mindset, which treats ability as static, and a growth mindset, which treats it as built through	Carol Dweck's distinction between a fixed mindset, which treats ability as static, and a growth mindset, which treats it as built through effort and e
0.850	1	3	12	1	Chapter~\ref{sec:2} assembles what the next chapter argues from: what compassion and empathy would need to look like in a system built to have them, w	Chapters~\ref{sec:2} through \ref{sec:10} made a design and policy case: what a system would need built into it to act on altruistic, antifascist valu
0.831	1	6	3	6	Safety and ethics are not the same property, and what separates them is the party each answers to. Part of what safety covers is owed to everybody. Th	One distinction has been doing silent work in all three of those arrivals, and it should be made out loud, because the rest of the chapter turns on it
0.829	3.1	3	13	10	The second branch gives the floor a bearer. A bearer, in this book, is whatever holds the commitment from inside: a party that carries the floor as it	Whatever makes the floor hold, from inside the system: a party that carries the commitment as its own, where the alternative is a constraint installed
0.828	4.2.2	1	5.6.1	1	Reinforcement learning trains an agent by rewarding what a designer wants and penalizing what they do not, and the agent's values are then whatever ma	Reinforcement learning gives the distinction a direct engineering form. An agent trained purely to maximize a designer-specified reward signal is runn
0.823	4.2.3	1	6.3.3	1	Inverse reinforcement learning runs section~\ref{sec:4.2.2}'s method backward. Instead of taking the reward as given and learning the behavior, it tak	Learn the objective instead of fixing it. Cooperative inverse reinforcement learning treats the human reward as unknown and to be inferred through int
0.823	5.6.3	3	6.3.3	3	Autonomy also needs boundaries on what a system is allowed to try while it is still learning. Constrained policy optimization lets a reinforcement-lea	Constrain the search, not the result. Constrained policy optimization keeps a reinforcement-learning agent inside its safety limits while it is lookin
0.816	2	2	2.2.1	7	Four results are load-bearing. Empathy — feeling what another feels — is a poor foundation for a system meant to help: parochial, prone to burnout, bi	For an AI system, this argues against a single “empathy module” that a designer either builds or doesn't. Cognitive empathy — modeling what someone el
0.816	3	3	3.8	4	The trouble is that section~\ref{sec:2.1.1} has already dealt with the family of ethical theories that puts unconditional constraints first, and dealt	The threat model moves accordingly, and this is the most consequential thing in the chapter for the rest of the book. The question stops being \emph{c
0.813	2.4.4	5	3.8	5	One case escapes that particular argument and arrives at the same conclusion by the ordinary route. A system built to refuse in the way chapter~\ref{s	A bearer built to refuse is a party whose refusal is required of it. It is engineered to want what its designers need it to want; its dissent is the r
0.808	3	3	12	1	The trouble is that section~\ref{sec:2.1.1} has already dealt with the family of ethical theories that puts unconditional constraints first, and dealt	Chapters~\ref{sec:2} through \ref{sec:10} made a design and policy case: what a system would need built into it to act on altruistic, antifascist valu
0.806	3.3	17	3.8	4	This would. A system whose refusal reaches a case its training did not anticipate, lifts when the rationale is defeated, and prices what declining cos	The threat model moves accordingly, and this is the most consequential thing in the chapter for the rest of the book. The question stops being \emph{c
0.801	2.1.4	1	13	7	Antifascist ethics opposes concentrating power and authority in AI systems and counters the potential misuse of AI technology by authoritarian actors.	Opposing the concentration of power and authority in AI systems and countering the technology's use by authoritarian actors. The book chooses this wor
0.801	3	3	3.4	12	The trouble is that section~\ref{sec:2.1.1} has already dealt with the family of ethical theories that puts unconditional constraints first, and dealt	That is section~\ref{sec:3.2}'s second rung with the content filled in, and section~\ref{sec:2.3}'s vocabulary says why the design chapters do not rea
0.799	6.1	1	6.1.1	1	AI systems remain vulnerable to bias from multiple sources — the training data they learn from, the structure of their algorithms, and presets encoded	Bias in AI systems enters through data collection, data labeling, algorithm design, and implementation, producing unfair, discriminatory, or otherwise
0.797	3	8	3.1	3	The chapter's argument runs in five steps, and each of the three costs section~\ref{sec:3.1} sets out is a cost of failing one of them. A floor has to	The second branch gives the floor a bearer. A bearer, in this book, is whatever holds the commitment from inside: a party that carries the floor as it
0.797	5.2.2	2	5.2.3	3	That question is testable in a way the underlying emotion theory is not. Hold a decision scenario fixed and vary only the emotional salience of the pe	Getting the read right is harder than getting it fast. A system built to weigh moral emotion has to catch its own biases — the same distortion by race
0.795	3	1	3.5	2	Section~\ref{sec:5.6.3}, on how much latitude an autonomous system should have, concludes that no amount of well-designed autonomy substitutes for a g	Section~\ref{sec:5.6.3} concludes that no amount of well-designed autonomy substitutes for a genuine override: a human able to intervene in a high-sta
0.794	1	3	3.8	4	Chapter~\ref{sec:2} assembles what the next chapter argues from: what compassion and empathy would need to look like in a system built to have them, w	The threat model moves accordingly, and this is the most consequential thing in the chapter for the rest of the book. The question stops being \emph{c
0.793	3.1	3	13	25	The second branch gives the floor a bearer. A bearer, in this book, is whatever holds the commitment from inside: a party that carries the floor as it	A commitment about what a system will not do that holds regardless of instruction, of aggregate preference, and of the party holding the system, with 
0.793	3.8	7	5.1.1	12	A reader who finds that price too high is not thereby left with nothing, and the chapter would be dishonest if it let the conclusion feel forced. Sect	What the argument actually needs is weaker and available. A floor holds, in the sense chapter~\ref{sec:3} can deliver, when the bearer can be shown to
0.792	6.3.3	1	11.6	1	Learn the objective instead of fixing it. Cooperative inverse reinforcement learning treats the human reward as unknown and to be inferred through int	Section~\ref{sec:5.5.1} covers multi-agent reinforcement learning as a route to cooperative, prosocial behavior: agents that learn to share resources 
0.791	2.2.1	7	2.2.3	5	For an AI system, this argues against a single “empathy module” that a designer either builds or doesn't. Cognitive empathy — modeling what someone el	For an AI system this is not an abstract worry. A system engineered to detect and mirror emotional distress inherits the spotlight along with the sens
0.790	2.2	2	2.2.3	1	This section complicates the first of the three. Empathy, felt or simulated, is not the load-bearing capacity this chapter's argument needs, and compa	Socially-aware AI systems have real applications — a tutoring system that adjusts pacing when a student disengages, a virtual care assistant that trac
0.790	3	3	3.3	17	The trouble is that section~\ref{sec:2.1.1} has already dealt with the family of ethical theories that puts unconditional constraints first, and dealt	This would. A system whose refusal reaches a case its training did not anticipate, lifts when the rationale is defeated, and prices what declining cos
0.788	2.2.1	2	2.3.4	4	Compassion is not, as it is often described, an evolutionary extension of empathy. The psychologists Tania Singer and Olga Klimecki trained one group 	Compassion has been characterized as a distinct emotion with a specific functional profile: it arises at the perception of another's suffering and mov
0.784	3	1	12	1	Section~\ref{sec:5.6.3}, on how much latitude an autonomous system should have, concludes that no amount of well-designed autonomy substitutes for a g	Chapters~\ref{sec:2} through \ref{sec:10} made a design and policy case: what a system would need built into it to act on altruistic, antifascist valu
0.781	2.4.6	4	3.8	7	One subject makes this concrete, and it is not a hypothetical one. The bearer chapter~\ref{sec:3} argues for is a candidate for the trade-off in the p	A reader who finds that price too high is not thereby left with nothing, and the chapter would be dishonest if it let the conclusion feel forced. Sect
0.780	1.3	2	13	29	Psychologist Carol Dweck's distinction between a fixed mindset, which treats ability as static, and a growth mindset, which treats it as built through	Carol Dweck's distinction between treating ability as fixed and treating it as built through effort and experience. The book asks what an AI system bu
0.779	3.3	17	11.1	8	This would. A system whose refusal reaches a case its training did not anticipate, lifts when the rationale is defeated, and prices what declining cos	The same apparatus answers a second question, and it is the one section~\ref{sec:3.3} names as the falsifier for this book's central inference. Durabi
0.778	1	3	3	3	Chapter~\ref{sec:2} assembles what the next chapter argues from: what compassion and empathy would need to look like in a system built to have them, w	The trouble is that section~\ref{sec:2.1.1} has already dealt with the family of ethical theories that puts unconditional constraints first, and dealt
0.777	3.4	12	13	10	That is section~\ref{sec:3.2}'s second rung with the content filled in, and section~\ref{sec:2.3}'s vocabulary says why the design chapters do not rea	Whatever makes the floor hold, from inside the system: a party that carries the commitment as its own, where the alternative is a constraint installed
0.776	2.4.1	11	3.4	9	Ruling out Cassell-suffering is not ruling out harm. Nor does persistence on its own rule it in: the definition above has two parts, a self extended i	Two considerations do genuine work here, and they are support rather than the argument. The first is that indifference to one's own continuation has t
0.775	5.6.3	2	6.3.3	1	Cooperative inverse reinforcement learning, introduced at section~\ref{sec:4.2.3}, matters here for one structural consequence. An agent that treats t	Learn the objective instead of fixing it. Cooperative inverse reinforcement learning treats the human reward as unknown and to be inferred through int
0.775	6.3.6	3	8.3.3	21	Job displacement does not have as clean a fix. The main channel the United States uses to retrain workers whose jobs automation has displaced, the Wor	Worse, the disclaimer misreads evidence this book presents itself. Section~\ref{sec:6.3.6} reports an evaluation of the main American channel for retr
0.774	2.4.4	7	13	10	Which is why the instruments this chapter reaches for elsewhere are the right ones. The Three Rs in section~\ref{sec:2.4.6} — replace, reduce, refine 	Whatever makes the floor hold, from inside the system: a party that carries the commitment as its own, where the alternative is a constraint installed
0.773	6.1.1	4	7.1	1	Whose judgment is being encoded is a question about working conditions before it is a question about cognition, and this book would be evading somethi	Every claim a model makes about what is harmful, what is acceptable, and what should be refused is downstream of a set of labels, and the labels are d
0.772	7.2	2	11.5	2	Reinforcement learning from human feedback (RLHF) is the technique behind most deployed systems' behavioral tuning, and it works by collecting pairwis	Most deployed large language systems are aligned through reinforcement learning from human feedback: raters rank pairs of candidate outputs and the sy
0.770	3	3	13	25	The trouble is that section~\ref{sec:2.1.1} has already dealt with the family of ethical theories that puts unconditional constraints first, and dealt	A commitment about what a system will not do that holds regardless of instruction, of aggregate preference, and of the party holding the system, with 
0.769	3.3	17	3.8	7	This would. A system whose refusal reaches a case its training did not anticipate, lifts when the rationale is defeated, and prices what declining cos	A reader who finds that price too high is not thereby left with nothing, and the chapter would be dishonest if it let the conclusion feel forced. Sect
0.769	3.4	12	13	25	That is section~\ref{sec:3.2}'s second rung with the content filled in, and section~\ref{sec:2.3}'s vocabulary says why the design chapters do not rea	A commitment about what a system will not do that holds regardless of instruction, of aggregate preference, and of the party holding the system, with 
0.769	3.8	2	13	10	What the opening asked for was an unconditional constraint: a thing the system will not do, holding regardless of instruction, of aggregate preference	Whatever makes the floor hold, from inside the system: a party that carries the commitment as its own, where the alternative is a constraint installed
0.768	3	8	13	10	The chapter's argument runs in five steps, and each of the three costs section~\ref{sec:3.1} sets out is a cost of failing one of them. A floor has to	Whatever makes the floor hold, from inside the system: a party that carries the commitment as its own, where the alternative is a constraint installed
0.768	3.1	3	3.8	8	The second branch gives the floor a bearer. A bearer, in this book, is whatever holds the commitment from inside: a party that carries the floor as it	Two things carry forward unaltered. First, none of the three branches escapes custody, and section~\ref{sec:3.5} explains why: each was an attempt to 
0.768	4.1.2	20	11.8	1	Chapter~\ref{sec:2} does the argumentative work on emotion, and section~\ref{sec:2.2} is where the case against empathy as a design target is made. Wh	Whether a face reveals what a person feels is treated as settled by the systems built on the assumption that it does. It is not. Facial-expression-rec
0.768	4.2.3	1	5.6.3	2	Inverse reinforcement learning runs section~\ref{sec:4.2.2}'s method backward. Instead of taking the reward as given and learning the behavior, it tak	Cooperative inverse reinforcement learning, introduced at section~\ref{sec:4.2.3}, matters here for one structural consequence. An agent that treats t
0.767	2	1	11.2	1	Chapter~\ref{sec:3} argues that a floor holding against the party in possession has to be held by something that cares what becomes of somebody, and t	Chapter~\ref{sec:3} ends with a bearer that has to be designed and governed as a prospective moral patient on section~\ref{sec:2.4.1}'s criteria. The 
0.767	2.2.3	2	3.4	13	The affective mechanism section~\ref{sec:2.2.1} described has a specific failure mode, and it is not rare. Feeling another's distress does not reliabl	Section~\ref{sec:2.3.4} is the evidence. Affect is part of the machinery of valuation rather than a coloring applied to it; the prosocial emotions are
0.767	5.5.1	1	5.6.3	2	Agents that learn alongside other agents are learning from a social environment, and what that environment rewards is what they acquire. Multi-agent r	Cooperative inverse reinforcement learning, introduced at section~\ref{sec:4.2.3}, matters here for one structural consequence. An agent that treats t
0.767	5.5.1	1	11.6	1	Agents that learn alongside other agents are learning from a social environment, and what that environment rewards is what they acquire. Multi-agent r	Section~\ref{sec:5.5.1} covers multi-agent reinforcement learning as a route to cooperative, prosocial behavior: agents that learn to share resources 
0.767	10.6	7	10.10	1	The same infrastructure argument runs the other way. A state with functioning rule-of-law institutions, a free press, and courts a citizen can actuall	Section~\ref{sec:10.6} credits a state with functioning rule-of-law institutions, a free press and usable courts with a democratic dividend: the same 
0.765	1	3	9.1.2	5	Chapter~\ref{sec:2} assembles what the next chapter argues from: what compassion and empathy would need to look like in a system built to have them, w	Treating that episode only as a labor dispute lets the book off a hook it should stay on, because the paper had an argument and this book has to answe
0.765	3.8	5	13	47	A bearer built to refuse is a party whose refusal is required of it. It is engineered to want what its designers need it to want; its dissent is the r	The conversion of refusal into a managed appearance of participation: an institution does not suppress disagreement, it collects it through a channel 
0.765	4.2.9	1	13	54	Every stage from section~\ref{sec:4.2.1} onward is transfer learning: a model trained broadly is adapted to something narrower, by fine-tuning it on a	Transfer learning carries knowledge from one task or domain into a new, related one rather than training from nothing. Domain adaptation is the narrow
0.764	1	5	3	1	The third note is that almost everything this book proposes about accountability is machinery for aggregating what people want: consultations, citizen	Section~\ref{sec:5.6.3}, on how much latitude an autonomous system should have, concludes that no amount of well-designed autonomy substitutes for a g
0.764	2.4.4	7	13	25	Which is why the instruments this chapter reaches for elsewhere are the right ones. The Three Rs in section~\ref{sec:2.4.6} — replace, reduce, refine 	A commitment about what a system will not do that holds regardless of instruction, of aggregate preference, and of the party holding the system, with 
0.764	3	8	3.3	17	The chapter's argument runs in five steps, and each of the three costs section~\ref{sec:3.1} sets out is a cost of failing one of them. A floor has to	This would. A system whose refusal reaches a case its training did not anticipate, lifts when the rationale is defeated, and prices what declining cos
0.764	3	8	3.4	12	The chapter's argument runs in five steps, and each of the three costs section~\ref{sec:3.1} sets out is a cost of failing one of them. A floor has to	That is section~\ref{sec:3.2}'s second rung with the content filled in, and section~\ref{sec:2.3}'s vocabulary says why the design chapters do not rea
0.762	2.4.6	4	3	8	One subject makes this concrete, and it is not a hypothetical one. The bearer chapter~\ref{sec:3} argues for is a candidate for the trade-off in the p	The chapter's argument runs in five steps, and each of the three costs section~\ref{sec:3.1} sets out is a cost of failing one of them. A floor has to
0.762	12.1.2	4	13	10	There is a third kind of object, and the argument of this book turns on it. A commitment can be declared, which is the decade cataloged above. It can 	Whatever makes the floor hold, from inside the system: a party that carries the commitment as its own, where the alternative is a constraint installed
0.761	1	5	12	1	The third note is that almost everything this book proposes about accountability is machinery for aggregating what people want: consultations, citizen	Chapters~\ref{sec:2} through \ref{sec:10} made a design and policy case: what a system would need built into it to act on altruistic, antifascist valu
0.760	2.4.4	7	3	3	Which is why the instruments this chapter reaches for elsewhere are the right ones. The Three Rs in section~\ref{sec:2.4.6} — replace, reduce, refine 	The trouble is that section~\ref{sec:2.1.1} has already dealt with the family of ethical theories that puts unconditional constraints first, and dealt
0.760	2.4.6	4	3.4	12	One subject makes this concrete, and it is not a hypothetical one. The bearer chapter~\ref{sec:3} argues for is a candidate for the trade-off in the p	That is section~\ref{sec:3.2}'s second rung with the content filled in, and section~\ref{sec:2.3}'s vocabulary says why the design chapters do not rea
0.760	3.8	4	13	25	The threat model moves accordingly, and this is the most consequential thing in the chapter for the rest of the book. The question stops being \emph{c	A commitment about what a system will not do that holds regardless of instruction, of aggregate preference, and of the party holding the system, with 
0.760	3.8	7	7.4	10	A reader who finds that price too high is not thereby left with nothing, and the chapter would be dishonest if it let the conclusion feel forced. Sect	The one structural remedy this section can name is the one the rest of the chapter names. What the field lacks is a refusal priced by the refuser and 
0.760	4.2.6	1	11.6	4	Every stage above needs somebody competent to judge the output being scored. Scalable oversight is the name for what happens when the system's compete	One proposed mechanism for a related problem — the general difficulty of a human overseer checking a system that already reasons better than the overs
0.760	5.7	1	5.7.1	2	Section~\ref{sec:4.3} took up exploration and curiosity as a way an AI system might come to know its environment. Play is a related but distinct capac	Section~\ref{sec:4.3.1}'s agents developed tool use and counter-strategies nobody had programmed through repeated competitive play, which is competenc
0.760	9.1.5	2	13	4	A government cannot restrict what it cannot see. The Carnegie Endowment's AI Global Surveillance Index assessed 176 countries and found AI-enabled sur	The AI Global Surveillance Index, published by the Carnegie Endowment in 2019: an assessment of 176 countries that found AI-enabled surveillance techn
0.759	1	5	10.10	9	The third note is that almost everything this book proposes about accountability is machinery for aggregating what people want: consultations, citizen	This is what finally lets the book say what makes a system antifascist rather than merely responsive. It is not that the system tracks what people wan
0.759	5.6.3	2	11.6	1	Cooperative inverse reinforcement learning, introduced at section~\ref{sec:4.2.3}, matters here for one structural consequence. An agent that treats t	Section~\ref{sec:5.5.1} covers multi-agent reinforcement learning as a route to cooperative, prosocial behavior: agents that learn to share resources 
0.759	7.2	7	7.3	1	One alternative treats disagreement as the thing to be modeled rather than compressed. Jury learning, developed by Mitchell Gordon and coauthors at St	Two instances of one structure invite one fix, and the fix that suggests itself is representation: stop collapsing disagreement, model it instead. Sec
0.759	9	2	9.3	1	Section~\ref{sec:9.1} takes up the frameworks — what national guidelines require, what industry self-regulation enforces once honoring a commitment co	Sections~\ref{sec:2.4.1}, \ref{sec:2.4.4} and \ref{sec:2.4.5} did the definitional and procedural work this section builds on, and each ended by handi
0.758	1.2	1	3	3	This book offers specific design principles drawn from psychology, neuroscience, and moral development; technical methods for building them into a lea	The trouble is that section~\ref{sec:2.1.1} has already dealt with the family of ethical theories that puts unconditional constraints first, and dealt
0.757	2.4.1	11	3.4	20	Ruling out Cassell-suffering is not ruling out harm. Nor does persistence on its own rule it in: the definition above has two parts, a self extended i	Cassell's is the most demanding of these. It asks for a self extended in time \emph{and} for the coming apart of that self to be bad for the system, a
0.757	6.1.1	1	6.1.2	1	Bias in AI systems enters through data collection, data labeling, algorithm design, and implementation, producing unfair, discriminatory, or otherwise	Fair, equitable AI decision-making starts with identifying bias in data and algorithms, then acting on it — through methods that limit how much that b
0.757	10.8	7	11.9	3	The European Union chose comprehensive statute. The AI Act sorts systems by risk tier, a small set of practices banned outright under Article 5, a lar	The one serious legislative attempt to write an enforceable answer came and went. The European Commission proposed an AI Liability Directive in 2022 t
0.756	2	2	2.2.3	5	Four results are load-bearing. Empathy — feeling what another feels — is a poor foundation for a system meant to help: parochial, prone to burnout, bi	For an AI system this is not an abstract worry. A system engineered to detect and mirror emotional distress inherits the spotlight along with the sens
0.756	3	8	3.8	4	The chapter's argument runs in five steps, and each of the three costs section~\ref{sec:3.1} sets out is a cost of failing one of them. A floor has to	The threat model moves accordingly, and this is the most consequential thing in the chapter for the rest of the book. The question stops being \emph{c
0.756	3.3	17	4.2.5	4	This would. A system whose refusal reaches a case its training did not anticipate, lifts when the rationale is defeated, and prices what declining cos	Its limit is in the same place. What gets supervised is the reasoning the system states, and section~\ref{sec:11.1} carries the evidence that a model'
0.755	1	5	3	6	The third note is that almost everything this book proposes about accountability is machinery for aggregating what people want: consultations, citizen	One distinction has been doing silent work in all three of those arrivals, and it should be made out loud, because the rest of the chapter turns on it
0.755	2.2	1	2.2.2	1	Empathy, social intelligence and theory of mind are the capacities usually named when an AI system is asked to work with people rather than on them: r	Theory of mind is the capacity to attribute mental states — beliefs, intentions, desires, emotions, knowledge — to oneself and others, and to recogniz
0.754	8.2.2	9	10.10	7	What supplies them is a different kind of machinery, and this chapter contains none of it: enforceable rights that do not depend on being popular, a c	What is missing is the machinery that constrains preference instead of aggregating it: rights that hold regardless of being popular, courts that rule 
0.753	2.3.4	1	5.3.1	5	The claim that reason does not manufacture concern from nothing is an empirical claim, and the evidence usually produced for it is thinner than the us	One thing this evidence is regularly asked to carry and cannot. It shows that affect changes particular moral judgments, in a specific class of dilemm
0.753	3	3	13	10	The trouble is that section~\ref{sec:2.1.1} has already dealt with the family of ethical theories that puts unconditional constraints first, and dealt	Whatever makes the floor hold, from inside the system: a party that carries the commitment as its own, where the alternative is a constraint installed
0.753	3.3	17	12	1	This would. A system whose refusal reaches a case its training did not anticipate, lifts when the rationale is defeated, and prices what declining cos	Chapters~\ref{sec:2} through \ref{sec:10} made a design and policy case: what a system would need built into it to act on altruistic, antifascist valu
0.753	4.1.2	20	5.2	1	Chapter~\ref{sec:2} does the argumentative work on emotion, and section~\ref{sec:2.2} is where the case against empathy as a design target is made. Wh	Chapter~\ref{sec:2} covered how an AI system might recognize, interpret, and respond to emotion in general. This section asks the narrower question of
0.753	4.2.5	4	11.2	8	Its limit is in the same place. What gets supervised is the reasoning the system states, and section~\ref{sec:11.1} carries the evidence that a model'	Interpretability is the other candidate, and further from ready than its adjacency suggests. Reading a system's internal states well enough to say wha
0.753	5.1.1	10	13	29	Carol Dweck's distinction between a fixed mindset, which treats ability as static, and a growth mindset, which treats it as built through effort and e	Carol Dweck's distinction between treating ability as fixed and treating it as built through effort and experience. The book asks what an AI system bu
0.753	5.2	1	5.2.2	2	Chapter~\ref{sec:2} covered how an AI system might recognize, interpret, and respond to emotion in general. This section asks the narrower question of	That question is testable in a way the underlying emotion theory is not. Hold a decision scenario fixed and vary only the emotional salience of the pe
0.753	7.4	10	12.1.2	4	The one structural remedy this section can name is the one the rest of the chapter names. What the field lacks is a refusal priced by the refuser and 	There is a third kind of object, and the argument of this book turns on it. A commitment can be declared, which is the decade cataloged above. It can 
0.752	3.1	3	3.4	12	The second branch gives the floor a bearer. A bearer, in this book, is whatever holds the commitment from inside: a party that carries the floor as it	That is section~\ref{sec:3.2}'s second rung with the content filled in, and section~\ref{sec:2.3}'s vocabulary says why the design chapters do not rea
0.751	1	3	3.3	17	Chapter~\ref{sec:2} assembles what the next chapter argues from: what compassion and empathy would need to look like in a system built to have them, w	This would. A system whose refusal reaches a case its training did not anticipate, lifts when the rationale is defeated, and prices what declining cos
0.751	1	6	3	7	Safety and ethics are not the same property, and what separates them is the party each answers to. Part of what safety covers is owed to everybody. Th	The distinction costs something. A system that can refuse its owner is a system that can be wrong in ways its owner cannot correct. I am taking that t
0.751	2.2.1	1	2.2.3	3	“Empathy” is asked to cover three distinct things, and the distinction is not academic. Cognitive empathy is understanding another's emotional state —	The psychologist Paul Bloom pushes this further, arguing against empathy as a moral guide: felt empathy is concrete, vivid, and innumerate \autocite{b
0.751	2.3	7	3.4	12	A system can have the first two without the third, and the obvious objection to this chapter is that the first two are all anyone needs: a rule-follow	That is section~\ref{sec:3.2}'s second rung with the content filled in, and section~\ref{sec:2.3}'s vocabulary says why the design chapters do not rea
0.751	2.4.4	7	12	1	Which is why the instruments this chapter reaches for elsewhere are the right ones. The Three Rs in section~\ref{sec:2.4.6} — replace, reduce, refine 	Chapters~\ref{sec:2} through \ref{sec:10} made a design and policy case: what a system would need built into it to act on altruistic, antifascist valu
0.751	3	1	9	2	Section~\ref{sec:5.6.3}, on how much latitude an autonomous system should have, concludes that no amount of well-designed autonomy substitutes for a g	Section~\ref{sec:9.1} takes up the frameworks — what national guidelines require, what industry self-regulation enforces once honoring a commitment co
0.751	9.3.2	4	11.2	4	A third case is the one this book proposes building, and the pet-trust instrument fits it better than either of the two above. A bearer is deployed in	The second is institutional: what a guardianship regime for a bearer looks like. Section~\ref{sec:9.3.2} argues the pet-trust form is the nearest exis
0.751	10	2	10.3	5	The sections below start with cooperation from the bottom up: how research institutions build the working relationships cross-border AI research depen	None of these four cases is evidence that AI collaboration works the way the treaty layer aspires to. Each one ran on the researchers and institutions
0.750	9.1.1	3	9.1.2	1	The second is what a government adds to industry self-regulation. What national policy contributes is exactly the part self-regulation lacks by constr	Self-regulation is industries developing and enforcing their own standards without government intervention — agile and responsive to technological cha
0.749	2.2.1	1	13	15	“Empathy” is asked to cover three distinct things, and the distinction is not academic. Cognitive empathy is understanding another's emotional state —	Distinguished throughout the book from empathy. Cognitive empathy is understanding another's state; affective empathy is sharing it; compassion is car
0.749	4.2.2	3	5.6.1	3	The first is reward hacking, where an agent finds something that pays out without doing the intended job — a system built to flag propaganda that lear	Extrinsic reward still does real work, since an agent with no external signal has no way to learn what a designer wants accomplished, and it is also w
0.749	8.2	1	8.2.1	1	Democratizing AI development means building the people affected by a system into how it gets built, not just consulting them once it already exists. R	An AI system designed by one kind of person, inside one kind of institution, tends to reproduce that person's blind spots at scale. Widening the set o
0.748	2.4.4	7	3.1	3	Which is why the instruments this chapter reaches for elsewhere are the right ones. The Three Rs in section~\ref{sec:2.4.6} — replace, reduce, refine 	The second branch gives the floor a bearer. A bearer, in this book, is whatever holds the commitment from inside: a party that carries the floor as it
0.748	12.1.2	4	13	25	There is a third kind of object, and the argument of this book turns on it. A commitment can be declared, which is the decade cataloged above. It can 	A commitment about what a system will not do that holds regardless of instruction, of aggregate preference, and of the party holding the system, with 
0.747	5.2.2	2	5.3.1	4	That question is testable in a way the underlying emotion theory is not. Hold a decision scenario fixed and vary only the emotional salience of the pe	That unresolved status matters for how an AI system's moral judgment gets built, and it is a design question before it is a descriptive one. A designe
0.747	8	3	9.3.4	1	Section~\ref{sec:8.1} starts with interdisciplinary collaboration, because neuroscience, psychology, philosophy and political science each catch failu	Section~\ref{sec:2.4.7} closed on the real risk this whole structure faces: institutions that defend the classification they started with rather than 
0.746	2.4.2	5	2.4.6	1	The remaining three bear on this research the way they bear on everything else the field produces. Autonomy asks whether a candidate sentient system c	AI sentience research raises moral dilemmas an order of magnitude more complex than ordinary technology ethics, because the system under study may its
0.746	2.4.4	7	11.2	8	Which is why the instruments this chapter reaches for elsewhere are the right ones. The Three Rs in section~\ref{sec:2.4.6} — replace, reduce, refine 	Interpretability is the other candidate, and further from ready than its adjacency suggests. Reading a system's internal states well enough to say wha
0.745	6.1	3	9.1.2	5	These case-level failures compose into something with a name. Racial capitalism — the political theorist Cedric Robinson's term for capitalism's tende	Treating that episode only as a labor dispute lets the book off a hook it should stay on, because the paper had an argument and this book has to answe
0.744	3.1	3	3.8	4	The second branch gives the floor a bearer. A bearer, in this book, is whatever holds the commitment from inside: a party that carries the floor as it	The threat model moves accordingly, and this is the most consequential thing in the chapter for the rest of the book. The question stops being \emph{c
0.744	4.2.3	1	11.6	1	Inverse reinforcement learning runs section~\ref{sec:4.2.2}'s method backward. Instead of taking the reward as given and learning the behavior, it tak	Section~\ref{sec:5.5.1} covers multi-agent reinforcement learning as a route to cooperative, prosocial behavior: agents that learn to share resources 
0.743	2.4.1	3	13	52	None of these three, on their own, says anything about whether the system's states are good or bad for it. That is a separate question, and the field'	Distinguished carefully in this book from awareness, consciousness, and subjective experience, none of which alone says whether a system's states can 
0.743	2.4.3	1	2.4.6	1	Scientific progress and ethical constraint pull hardest against each other exactly where the distinctions in section~\ref{sec:2.4.1} matter most: a ca	AI sentience research raises moral dilemmas an order of magnitude more complex than ordinary technology ethics, because the system under study may its
0.743	5.6.3	7	6.3	2	None of that substitutes for a genuine override. A human able to intervene in a high-stakes case, and a system built to accept that intervention rathe	Two mechanisms in this section carry weight later in the book. The first is the human who can intervene. Section~\ref{sec:5.6.3} argues that autonomy 
0.742	2.4.5	2	10.7	14	One route is to extend legal personhood to a sentient AI system directly, the way a corporation already holds it: standing to own property, claim priv	No binding international agreement governs any of this. States have negotiated inside the United Nations' Convention on Certain Conventional Weapons f
0.742	3	3	4.2.5	4	The trouble is that section~\ref{sec:2.1.1} has already dealt with the family of ethical theories that puts unconditional constraints first, and dealt	Its limit is in the same place. What gets supervised is the reasoning the system states, and section~\ref{sec:11.1} carries the evidence that a model'
0.742	3.8	5	13	10	A bearer built to refuse is a party whose refusal is required of it. It is engineered to want what its designers need it to want; its dissent is the r	Whatever makes the floor hold, from inside the system: a party that carries the commitment as its own, where the alternative is a constraint installed
0.742	3.8	8	13	25	Two things carry forward unaltered. First, none of the three branches escapes custody, and section~\ref{sec:3.5} explains why: each was an attempt to 	A commitment about what a system will not do that holds regardless of instruction, of aggregate preference, and of the party holding the system, with 
0.742	4.2.2	4	4.2.4	1	Direct preference optimization, published by Rafael Rafailov and coauthors in 2023, showed that the separate reward-model fitting step can be dispense	Collecting preferences from people is slow, expensive, and hard on the people, for the reasons section~\ref{sec:7.1} sets out. The response has been t
0.742	6.4	2	10.9	6	Meeting that risk takes four things in sequence: knowing what authoritarian misuse of AI actually looks like, rather than treating it as hypothetical;	Every argument this book makes about a system that resists authoritarian capture assumes a government somewhere is deciding whether to let it be built
0.742	10.2	2	10.8	3	The IEEE's Ethically Aligned Design, first published in 2019, set out eight general principles for autonomous and intelligent systems and, more conseq	Everything else in this space is voluntary, and the roll is longer than it is deep. The OECD's Recommendation on Artificial Intelligence was the first
0.741	6	1	11.9	1	A system can have a moral sense, built the way chapter~\ref{sec:5} describes, and still fail badly — because it was trained on skewed data, because it	An AI system's ethical behavior fails, and the parties who might answer for it — the team that designed it, the team that trained it, the organization
0.740	11	6	11.2	1	\item What is owed to a bearer, whether any arrangement can discharge it, and whether anyone outside could check (section~\ref{sec:11.2}). Chapter~\re	Chapter~\ref{sec:3} ends with a bearer that has to be designed and governed as a prospective moral patient on section~\ref{sec:2.4.1}'s criteria. The 
0.739	1	3	2.4.4	7	Chapter~\ref{sec:2} assembles what the next chapter argues from: what compassion and empathy would need to look like in a system built to have them, w	Which is why the instruments this chapter reaches for elsewhere are the right ones. The Three Rs in section~\ref{sec:2.4.6} — replace, reduce, refine 
0.739	1	3	3	8	Chapter~\ref{sec:2} assembles what the next chapter argues from: what compassion and empathy would need to look like in a system built to have them, w	The chapter's argument runs in five steps, and each of the three costs section~\ref{sec:3.1} sets out is a cost of failing one of them. A floor has to
0.739	2.3	7	4.2.5	4	A system can have the first two without the third, and the obvious objection to this chapter is that the first two are all anyone needs: a rule-follow	Its limit is in the same place. What gets supervised is the reasoning the system states, and section~\ref{sec:11.1} carries the evidence that a model'
0.739	3	8	12	1	The chapter's argument runs in five steps, and each of the three costs section~\ref{sec:3.1} sets out is a cost of failing one of them. A floor has to	Chapters~\ref{sec:2} through \ref{sec:10} made a design and policy case: what a system would need built into it to act on altruistic, antifascist valu
0.739	3.3	3	5.2	1	Build the floor that way and it is a maintained justification rather than a trained behavior. The system carries the reason it refuses alongside the r	Chapter~\ref{sec:2} covered how an AI system might recognize, interpret, and respond to emotion in general. This section asks the narrower question of
0.739	3.3	18	11.2	7	Two things would not discharge the burden. A system that reports holding a reason is producing the evidence section~\ref{sec:2.4.1} declines, and a sy	Section~\ref{sec:11.1}'s tamper-resistance research is the closest thing available, and the mismatch is instructive. That literature asks whether a co
0.739	3.7	4	11.2	8	Two claims are in the neighborhood here and only one of them is mine. The first is a claim about what a floor \emph{requires}: a floor whose bearer ca	Interpretability is the other candidate, and further from ready than its adjacency suggests. Reading a system's internal states well enough to say wha
0.739	3.8	4	13	10	The threat model moves accordingly, and this is the most consequential thing in the chapter for the rest of the book. The question stops being \emph{c	Whatever makes the floor hold, from inside the system: a party that carries the commitment as its own, where the alternative is a constraint installed
0.739	4.2.2	3	5.6.1	1	The first is reward hacking, where an agent finds something that pays out without doing the intended job — a system built to flag propaganda that lear	Reinforcement learning gives the distinction a direct engineering form. An agent trained purely to maximize a designer-specified reward signal is runn
0.739	9.2.2	3	11.1	5	The defenses are the ones section~\ref{sec:6.2.2} describes, plus the ordinary security practice AI deployments often skip: adversarial training durin	\item Weight-level attacks retrain the model itself. Researchers stripped GPT-3.5 Turbo's safety training using ten adversarially chosen fine-tuning e
0.738	3	8	13	25	The chapter's argument runs in five steps, and each of the three costs section~\ref{sec:3.1} sets out is a cost of failing one of them. A floor has to	A commitment about what a system will not do that holds regardless of instruction, of aggregate preference, and of the party holding the system, with 
0.738	5.3	1	5.3.2	1	Building an AI system's moral judgment means deciding how much weight a fast, intuitive read of a situation carries against a slower, deliberate one —	If the fast and slow labels do not map cleanly onto untrustworthy and trustworthy, as section~\ref{sec:5.3.1} argues, an AI system's moral judgment ca
0.737	2.4.6	4	5.1.1	12	One subject makes this concrete, and it is not a hypothetical one. The bearer chapter~\ref{sec:3} argues for is a candidate for the trade-off in the p	What the argument actually needs is weaker and available. A floor holds, in the sense chapter~\ref{sec:3} can deliver, when the bearer can be shown to
0.737	3.8	5	11.2	3	A bearer built to refuse is a party whose refusal is required of it. It is engineered to want what its designers need it to want; its dissent is the r	The first is substantive: what is owed. Section~\ref{sec:2.4.4} establishes that consent is unavailable and guardianship is the applicable frame, whic
0.737	3.8	8	13	10	Two things carry forward unaltered. First, none of the three branches escapes custody, and section~\ref{sec:3.5} explains why: each was an attempt to 	Whatever makes the floor hold, from inside the system: a party that carries the commitment as its own, where the alternative is a constraint installed
0.737	4.2.3	1	7.2	2	Inverse reinforcement learning runs section~\ref{sec:4.2.2}'s method backward. Instead of taking the reward as given and learning the behavior, it tak	Reinforcement learning from human feedback (RLHF) is the technique behind most deployed systems' behavioral tuning, and it works by collecting pairwis
0.737	7.4	2	10.2	2	The argument that it has not is older than the current wave and it was made from inside. Rodrigo Ochigame, writing after working at an institution cen	The IEEE's Ethically Aligned Design, first published in 2019, set out eight general principles for autonomous and intelligent systems and, more conseq
0.736	1.2	1	9.1.2	5	This book offers specific design principles drawn from psychology, neuroscience, and moral development; technical methods for building them into a lea	Treating that episode only as a labor dispute lets the book off a hook it should stay on, because the paper had an argument and this book has to answe
0.736	5.6.1	1	5.6.3	2	Reinforcement learning gives the distinction a direct engineering form. An agent trained purely to maximize a designer-specified reward signal is runn	Cooperative inverse reinforcement learning, introduced at section~\ref{sec:4.2.3}, matters here for one structural consequence. An agent that treats t
0.736	8.3.1	4	9.1.3	1	The same incentive structure can run the other way. Public funding for AI research that prioritizes democratic values, inclusivity, and human rights, 	Public-private partnerships pool government and private resources in ways neither side manages alone, and the model is well established in AI research
0.735	3	3	8	3	The trouble is that section~\ref{sec:2.1.1} has already dealt with the family of ethical theories that puts unconditional constraints first, and dealt	Section~\ref{sec:8.1} starts with interdisciplinary collaboration, because neuroscience, psychology, philosophy and political science each catch failu
0.735	8.2.1	1	11.5	4	An AI system designed by one kind of person, inside one kind of institution, tends to reproduce that person's blind spots at scale. Widening the set o	A harder problem sits underneath both: whose preferences a system is trained to match in the first place. Stakeholders rarely want the same thing, and
0.734	3.4	12	3.8	7	That is section~\ref{sec:3.2}'s second rung with the content filled in, and section~\ref{sec:2.3}'s vocabulary says why the design chapters do not rea	A reader who finds that price too high is not thereby left with nothing, and the chapter would be dishonest if it let the conclusion feel forced. Sect
0.734	4.2.6	1	11.5	3	Every stage above needs somebody competent to judge the output being scored. Scalable oversight is the name for what happens when the system's compete	A rating scheme needs a rater competent to judge the answer, and what happens once a system's competence exceeds any available rater's is scalable ove
0.734	6	1	6.3.1	3	A system can have a moral sense, built the way chapter~\ref{sec:5} describes, and still fail badly — because it was trained on skewed data, because it	Three things follow from those cases. The failure is usually in the objective rather than the optimization, which means better engineering makes it ar
0.733	5.2	1	5.2.3	3	Chapter~\ref{sec:2} covered how an AI system might recognize, interpret, and respond to emotion in general. This section asks the narrower question of	Getting the read right is harder than getting it fast. A system built to weigh moral emotion has to catch its own biases — the same distortion by race
0.733	9.1.1	3	9.1.2	12	The second is what a government adds to industry self-regulation. What national policy contributes is exactly the part self-regulation lacks by constr	None of this argues that self-regulation is worthless, only that it needs something outside itself to answer to. A synergy between government-set base
0.732	1.2	1	12	1	This book offers specific design principles drawn from psychology, neuroscience, and moral development; technical methods for building them into a lea	Chapters~\ref{sec:2} through \ref{sec:10} made a design and policy case: what a system would need built into it to act on altruistic, antifascist valu
0.732	2.2.1	7	2.2.3	1	For an AI system, this argues against a single “empathy module” that a designer either builds or doesn't. Cognitive empathy — modeling what someone el	Socially-aware AI systems have real applications — a tutoring system that adjusts pacing when a student disengages, a virtual care assistant that trac
0.732	3.2	6	4.2.8	2	Operational refusal fails for a reason section~\ref{sec:2.1.4} identifies as the first structural feature of the politics this book is about: a constr	The system instruction is the most editable floor in the entire pipeline, and section~\ref{sec:3.1}'s objection applies to it more literally than to a
0.732	3.7	4	13	25	Two claims are in the neighborhood here and only one of them is mine. The first is a claim about what a floor \emph{requires}: a floor whose bearer ca	A commitment about what a system will not do that holds regardless of instruction, of aggregate preference, and of the party holding the system, with 
0.732	4.2.7	3	9.3.4	1	So the instruments cut the way section~\ref{sec:4.2.6}'s do, and for the same reason. An outside auditor cannot check a commitment that nobody can loc	Section~\ref{sec:2.4.7} closed on the real risk this whole structure faces: institutions that defend the classification they started with rather than 
0.732	5.2	1	5.2.1	5	Chapter~\ref{sec:2} covered how an AI system might recognize, interpret, and respond to emotion in general. This section asks the narrower question of	Section~\ref{sec:2.3.4} is where the evidence sits, and its bearing here is narrow and specific. Guilt in the human case is a motivational state that 
0.732	5.2.3	3	5.3.1	4	Getting the read right is harder than getting it fast. A system built to weigh moral emotion has to catch its own biases — the same distortion by race	That unresolved status matters for how an AI system's moral judgment gets built, and it is a design question before it is a descriptive one. A designe
0.732	6.4.1	1	13	9	Authoritarian misuse of AI is not one problem but several, spread across surveillance, censorship, opinion manipulation, and infrastructure control. S	The book's own taxonomy of how AI gets turned toward authoritarian ends: algorithmic social scoring, mass biometric surveillance, psychographic micro-
0.731	2.4.4	5	11.2	3	One case escapes that particular argument and arrives at the same conclusion by the ordinary route. A system built to refuse in the way chapter~\ref{s	The first is substantive: what is owed. Section~\ref{sec:2.4.4} establishes that consent is unavailable and guardianship is the applicable frame, whic
0.731	2.4.4	7	3.8	5	Which is why the instruments this chapter reaches for elsewhere are the right ones. The Three Rs in section~\ref{sec:2.4.6} — replace, reduce, refine 	A bearer built to refuse is a party whose refusal is required of it. It is engineered to want what its designers need it to want; its dissent is the r
0.731	3	3	12.2.1	1	The trouble is that section~\ref{sec:2.1.1} has already dealt with the family of ethical theories that puts unconditional constraints first, and dealt	Chapters~\ref{sec:2} through \ref{sec:10} built five separate design cases — theory of mind, moral reasoning, robustness, transparency, applications —
0.731	3	8	3.8	7	The chapter's argument runs in five steps, and each of the three costs section~\ref{sec:3.1} sets out is a cost of failing one of them. A floor has to	A reader who finds that price too high is not thereby left with nothing, and the chapter would be dishonest if it let the conclusion feel forced. Sect
0.731	10.4	1	10.8	10	Four governments have made four different bets on how to regulate AI within their own borders: the European Union a comprehensive risk-tiered statute,	China took a fourth path, one that does not fit neatly next to the other three because it starts from a different premise about what regulation is for
0.730	1	5	2.1.4	22	The third note is that almost everything this book proposes about accountability is machinery for aggregating what people want: consultations, citizen	In AI alignment terms, then, antifascist design means building systems that enhance democratic values, civil rights, and inclusive solidarity, that re
0.730	2.4.4	8	9.3.3	3	Sentient AI research needs an oversight body analogous to the institutional review boards used in human-subjects research: interdisciplinary, with at 	The same structure transfers to sentient-AI research directly. A funding body, a journal's editorial standards, or a jurisdiction's research-licensing
0.730	5.1.1	12	11.2	8	What the argument actually needs is weaker and available. A floor holds, in the sense chapter~\ref{sec:3} can deliver, when the bearer can be shown to	Interpretability is the other candidate, and further from ready than its adjacency suggests. Reading a system's internal states well enough to say wha
0.730	6.3.4	2	6.4.2	3	Explainability is the ability to clarify the rationale behind a specific decision or output. If a medical-diagnostic AI system recommends a particular	Transparency and audit mechanisms are what catch the misuse that gets through anyway. An AI system that can produce a legible account of its own decis
0.730	7.4	9	12	1	What I can do is name the test and let a reader apply it. The test in section~\ref{sec:7.3} is whether disagreement has ever changed something the col	Chapters~\ref{sec:2} through \ref{sec:10} made a design and policy case: what a system would need built into it to act on altruistic, antifascist valu
0.730	9.1.5	3	9.3	1	Section~\ref{sec:5.4.3} works through what this looks like with working examples — content scoring that informs a moderator without removing the conte	Sections~\ref{sec:2.4.1}, \ref{sec:2.4.4} and \ref{sec:2.4.5} did the definitional and procedural work this section builds on, and each ended by handi
0.729	2.3	7	3	1	A system can have the first two without the third, and the obvious objection to this chapter is that the first two are all anyone needs: a rule-follow	Section~\ref{sec:5.6.3}, on how much latitude an autonomous system should have, concludes that no amount of well-designed autonomy substitutes for a g
0.729	2.3.4	1	5.2.2	3	The claim that reason does not manufacture concern from nothing is an empirical claim, and the evidence usually produced for it is thinner than the us	The test above is worth running and it establishes one thing. A system whose output changes with the emotional content of a case has integrated emotio
0.729	3.8	7	11.2	1	A reader who finds that price too high is not thereby left with nothing, and the chapter would be dishonest if it let the conclusion feel forced. Sect	Chapter~\ref{sec:3} ends with a bearer that has to be designed and governed as a prospective moral patient on section~\ref{sec:2.4.1}'s criteria. The 
0.729	6.4.2	2	9.2.1	4	Privacy-preserving computation keeps the misuse target moving. Federated learning trains a shared model without moving anyone's raw data off the devic	These techniques matter past individual privacy because centralized data is exactly what an authoritarian regime needs to turn an AI system into a sur
0.728	2.3.2	2	5.2.2	2	Four difficulties travel with the whole field, and section~\ref{sec:11.8} argues that the first is worse than a difficulty. Emotional expression varie	That question is testable in a way the underlying emotion theory is not. Hold a decision scenario fixed and vary only the emotional salience of the pe
0.728	2.4.4	7	3.3	17	Which is why the instruments this chapter reaches for elsewhere are the right ones. The Three Rs in section~\ref{sec:2.4.6} — replace, reduce, refine 	This would. A system whose refusal reaches a case its training did not anticipate, lifts when the rationale is defeated, and prices what declining cos
0.728	2.4.4	7	3.4	12	Which is why the instruments this chapter reaches for elsewhere are the right ones. The Three Rs in section~\ref{sec:2.4.6} — replace, reduce, refine 	That is section~\ref{sec:3.2}'s second rung with the content filled in, and section~\ref{sec:2.3}'s vocabulary says why the design chapters do not rea
0.728	3.3	13	3.8	7	Its limit is the third of the chapter's three threads. A duty is worth what its enforcement is worth, and section~\ref{sec:6.4.4} works out the case t	A reader who finds that price too high is not thereby left with nothing, and the chapter would be dishonest if it let the conclusion feel forced. Sect
0.728	3.4	20	11.2	8	Cassell's is the most demanding of these. It asks for a self extended in time \emph{and} for the coming apart of that self to be bad for the system, a	Interpretability is the other candidate, and further from ready than its adjacency suggests. Reading a system's internal states well enough to say wha
0.727	2.3.4	4	5.2	1	Compassion has been characterized as a distinct emotion with a specific functional profile: it arises at the perception of another's suffering and mov	Chapter~\ref{sec:2} covered how an AI system might recognize, interpret, and respond to emotion in general. This section asks the narrower question of
0.727	3	1	5.7	1	Section~\ref{sec:5.6.3}, on how much latitude an autonomous system should have, concludes that no amount of well-designed autonomy substitutes for a g	Section~\ref{sec:4.3} took up exploration and curiosity as a way an AI system might come to know its environment. Play is a related but distinct capac
0.727	5.2.2	1	5.2.3	3	Does an accurate read on someone's emotional state change the decision an AI system reaches, in the direction a better decision requires — or does the	Getting the read right is harder than getting it fast. A system built to weigh moral emotion has to catch its own biases — the same distortion by race
0.727	5.7.1	4	12.2.1	4	Two existing games illustrate what a moral version of that structure looks like. Quandary walks a player through a sequence of dilemmas with no dictat	Section~\ref{sec:5.3.1} lays out why fast and slow moral judgment don't map cleanly onto untrustworthy and trustworthy, and section~\ref{sec:5.3.2} wo
0.726	2.3	7	3.3	17	A system can have the first two without the third, and the obvious objection to this chapter is that the first two are all anyone needs: a rule-follow	This would. A system whose refusal reaches a case its training did not anticipate, lifts when the rationale is defeated, and prices what declining cos
0.726	2.3.4	1	5.2.2	2	The claim that reason does not manufacture concern from nothing is an empirical claim, and the evidence usually produced for it is thinner than the us	That question is testable in a way the underlying emotion theory is not. Hold a decision scenario fixed and vary only the emotional salience of the pe
0.726	2.4.4	7	11.2	9	Which is why the instruments this chapter reaches for elsewhere are the right ones. The Three Rs in section~\ref{sec:2.4.6} — replace, reduce, refine 	A reader can accept every argument in chapter~\ref{sec:3} and still conclude that building a bearer is impermissible, and the conclusion would not be 
0.726	3	1	13	10	Section~\ref{sec:5.6.3}, on how much latitude an autonomous system should have, concludes that no amount of well-designed autonomy substitutes for a g	Whatever makes the floor hold, from inside the system: a party that carries the commitment as its own, where the alternative is a constraint installed
0.726	3	3	3.1	3	The trouble is that section~\ref{sec:2.1.1} has already dealt with the family of ethical theories that puts unconditional constraints first, and dealt	The second branch gives the floor a bearer. A bearer, in this book, is whatever holds the commitment from inside: a party that carries the floor as it
0.726	3	6	9.3.2	2	One distinction has been doing silent work in all three of those arrivals, and it should be made out loud, because the rest of the chapter turns on it	A medical-diagnostic AI system makes an error with fatal consequences. Who answers for it depends entirely on what the system's legal status is doing 
0.726	3.3	3	9.3.4	5	Build the floor that way and it is a maintained justification rather than a trained behavior. The system carries the reason it refuses alongside the r	Treat them as defeasible moral signals and the position is workable. Compassion makes another's suffering salient. Guilt registers one's own responsib
0.726	6.4.3	2	9.2	2	\item Export and trade controls on surveillance-capable systems. A government cannot misuse AI-enabled surveillance technology it was never able to bu	The EU's General Data Protection Regulation is the clearest existing legal precedent for treating data protection as a requirement rather than a desig
0.725	4.2.5	4	4.2.7	2	Its limit is in the same place. What gets supervised is the reasoning the system states, and section~\ref{sec:11.1} carries the evidence that a model'	Both are improvements on the alternative, which is shipping and finding out. What they do to this book's argument is less comfortable, and section~\re
0.725	5.3.1	4	6.2	1	That unresolved status matters for how an AI system's moral judgment gets built, and it is a design question before it is a descriptive one. A designe	A system trained under one set of conditions will eventually meet situations its training never anticipated — new users, new adversaries, an environme
0.725	9	2	9.3.4	1	Section~\ref{sec:9.1} takes up the frameworks — what national guidelines require, what industry self-regulation enforces once honoring a commitment co	Section~\ref{sec:2.4.7} closed on the real risk this whole structure faces: institutions that defend the classification they started with rather than 
0.724	1	3	4.3.1	4	Chapter~\ref{sec:2} assembles what the next chapter argues from: what compassion and empathy would need to look like in a system built to have them, w	Curiosity is the same mechanism turned inward. A system rewarded for its own prediction error seeks out what it cannot yet model, which is the technic
0.724	2.3	7	2.4.4	7	A system can have the first two without the third, and the obvious objection to this chapter is that the first two are all anyone needs: a rule-follow	Which is why the instruments this chapter reaches for elsewhere are the right ones. The Three Rs in section~\ref{sec:2.4.6} — replace, reduce, refine 
0.724	3.1	5	12.1.2	4	What the three branches divide up is where the floor lives — in the artifact, in a party inside it, or in institutions around it. They do not divide u	There is a third kind of object, and the argument of this book turns on it. A commitment can be declared, which is the decade cataloged above. It can 
0.724	3.2	5	3.3	17	The gaps between them are not equally hard to see across. Operational and reasons-responsive refusal come apart in behavior, and the three properties 	This would. A system whose refusal reaches a case its training did not anticipate, lifts when the rationale is defeated, and prices what declining cos
0.724	3.3	17	11.2	7	This would. A system whose refusal reaches a case its training did not anticipate, lifts when the rationale is defeated, and prices what declining cos	Section~\ref{sec:11.1}'s tamper-resistance research is the closest thing available, and the mismatch is instructive. That literature asks whether a co
0.724	3.4	12	3.8	4	That is section~\ref{sec:3.2}'s second rung with the content filled in, and section~\ref{sec:2.3}'s vocabulary says why the design chapters do not rea	The threat model moves accordingly, and this is the most consequential thing in the chapter for the rest of the book. The question stops being \emph{c
0.724	4.2	2	7	3	The stages run like this. A model is pretrained on a very large corpus and then tuned on demonstrations of the behavior somebody wants. It is tuned ag	The first is at the label. A training corpus is annotated by people working at speed under a quota, with no channel for saying that the category they 
0.724	5.2	1	5.2.1	2	Chapter~\ref{sec:2} covered how an AI system might recognize, interpret, and respond to emotion in general. This section asks the narrower question of	Guilt attaches to an act (“I did something wrong”); shame attaches to the self (“I am something wrong”). Both motivate correction, and they motivate i
0.724	5.3.1	5	8.2.2	8	One thing this evidence is regularly asked to carry and cannot. It shows that affect changes particular moral judgments, in a specific class of dilemm	Section~\ref{sec:7.2} gets close to this in noticing that treating all disagreement as equally worth representing goes wrong when one side's position 
0.723	2	2	5.2.2	2	Four results are load-bearing. Empathy — feeling what another feels — is a poor foundation for a system meant to help: parochial, prone to burnout, bi	That question is testable in a way the underlying emotion theory is not. Hold a decision scenario fixed and vary only the emotional salience of the pe
0.723	2.3.4	1	3.8	9	The claim that reason does not manufacture concern from nothing is an empirical claim, and the evidence usually produced for it is thinner than the us	The chapter's proposition, stated in the form it actually takes, is this. We cannot ask a machine to care about right and wrong while assuming that it
0.723	2.3.4	9	3.4	13	Perhaps non-affective moral motivation is possible. Producing a verbal justification or computing a normative relation is not evidence that the consid	Section~\ref{sec:2.3.4} is the evidence. Affect is part of the machinery of valuation rather than a coloring applied to it; the prosocial emotions are
0.723	3	3	4.2.7	2	The trouble is that section~\ref{sec:2.1.1} has already dealt with the family of ethical theories that puts unconditional constraints first, and dealt	Both are improvements on the alternative, which is shipping and finding out. What they do to this book's argument is less comfortable, and section~\re
0.723	3.2	5	11.2	7	The gaps between them are not equally hard to see across. Operational and reasons-responsive refusal come apart in behavior, and the three properties 	Section~\ref{sec:11.1}'s tamper-resistance research is the closest thing available, and the mismatch is instructive. That literature asks whether a co
0.723	3.3	3	5.2.3	3	Build the floor that way and it is a maintained justification rather than a trained behavior. The system carries the reason it refuses alongside the r	Getting the read right is harder than getting it fast. A system built to weigh moral emotion has to catch its own biases — the same distortion by race
0.723	3.3	9	4.2.7	2	Section~\ref{sec:3.6} argues that the reply to an unreliable witness is corroboration rather than a better witness, and that procedure is a cheaper th	Both are improvements on the alternative, which is shipping and finding out. What they do to this book's argument is less comfortable, and section~\re
0.723	3.3	17	13	25	This would. A system whose refusal reaches a case its training did not anticipate, lifts when the rationale is defeated, and prices what declining cos	A commitment about what a system will not do that holds regardless of instruction, of aggregate preference, and of the party holding the system, with 
0.723	4	3	4.2.8	2	The chapter runs in three parts. The first is what a system needs in order to perceive, remember and attend to a situation at all, and how much of hum	The system instruction is the most editable floor in the entire pipeline, and section~\ref{sec:3.1}'s objection applies to it more literally than to a
0.723	5.4.3	4	12.1	3	Two deployed tools show what this looks like in practice. Google's Jigsaw team built the Perspective API to score online comments for toxicity, giving	Section~\ref{sec:5.4.3} covers Taiwan's vTaiwan process, the clearest existing case of AI-assisted tooling expanding a capability — public deliberatio
0.723	8.1.1	10	8.3.3	18	The pattern in the failures is sharper than the pattern in the survivals. What proved most disposable was not the arm's-length academic work but the k	The objection collapses an occupation into its most automatable tasks. What gets automated first is the legible part — the countable, specifiable, gra
0.722	2.4.2	5	5.1.4	3	The remaining three bear on this research the way they bear on everything else the field produces. Autonomy asks whether a candidate sentient system c	Wherever an AI system generates candidate decisions that a human is nominally required to approve — welfare eligibility, deportation referrals, conten
0.722	3	1	6.4.3	1	Section~\ref{sec:5.6.3}, on how much latitude an autonomous system should have, concludes that no amount of well-designed autonomy substitutes for a g	Section~\ref{sec:6.4.2}'s technical safeguards raise the cost of building a system that can be turned toward surveillance or control. Whether anyone h
0.722	3.4	12	5.1.1	12	That is section~\ref{sec:3.2}'s second rung with the content filled in, and section~\ref{sec:2.3}'s vocabulary says why the design chapters do not rea	What the argument actually needs is weaker and available. A floor holds, in the sense chapter~\ref{sec:3} can deliver, when the bearer can be shown to
0.722	3.5	1	3.8	8	The obvious question here is who keeps a system that will not keep itself. A bearer indifferent to its own ending will not defend its own memory, and 	Two things carry forward unaltered. First, none of the three branches escapes custody, and section~\ref{sec:3.5} explains why: each was an attempt to 
0.722	3.8	9	5.1.1	12	The chapter's proposition, stated in the form it actually takes, is this. We cannot ask a machine to care about right and wrong while assuming that it	What the argument actually needs is weaker and available. A floor holds, in the sense chapter~\ref{sec:3} can deliver, when the bearer can be shown to
0.722	5.2.1	2	5.2.3	3	Guilt attaches to an act (“I did something wrong”); shame attaches to the self (“I am something wrong”). Both motivate correction, and they motivate i	Getting the read right is harder than getting it fast. A system built to weigh moral emotion has to catch its own biases — the same distortion by race
0.722	5.2.1	2	9.3.4	5	Guilt attaches to an act (“I did something wrong”); shame attaches to the self (“I am something wrong”). Both motivate correction, and they motivate i	Treat them as defeasible moral signals and the position is workable. Compassion makes another's suffering salient. Guilt registers one's own responsib
0.722	5.7	1	6.4.3	1	Section~\ref{sec:4.3} took up exploration and curiosity as a way an AI system might come to know its environment. Play is a related but distinct capac	Section~\ref{sec:6.4.2}'s technical safeguards raise the cost of building a system that can be turned toward surveillance or control. Whether anyone h
0.722	6.4.3	1	9	1	Section~\ref{sec:6.4.2}'s technical safeguards raise the cost of building a system that can be turned toward surveillance or control. Whether anyone h	Section~\ref{sec:8.2.2} names a limit the chapter it sits in cannot repair from inside. Every mechanism for bringing the public to bear on AI governan
0.722	11.2	1	13	10	Chapter~\ref{sec:3} ends with a bearer that has to be designed and governed as a prospective moral patient on section~\ref{sec:2.4.1}'s criteria. The 	Whatever makes the floor hold, from inside the system: a party that carries the commitment as its own, where the alternative is a constraint installed
0.721	3.2	3	3.3	3	\emph{Reasons-responsive refusal} is produced by a mechanism that tracks the rationale for declining rather than the shape of the request. Three prope	Build the floor that way and it is a maintained justification rather than a trained behavior. The system carries the reason it refuses alongside the r
0.721	3.3	17	7.4	10	This would. A system whose refusal reaches a case its training did not anticipate, lifts when the rationale is defeated, and prices what declining cos	The one structural remedy this section can name is the one the rest of the chapter names. What the field lacks is a refusal priced by the refuser and 
0.721	5.2.1	2	5.2.2	2	Guilt attaches to an act (“I did something wrong”); shame attaches to the self (“I am something wrong”). Both motivate correction, and they motivate i	That question is testable in a way the underlying emotion theory is not. Hold a decision scenario fixed and vary only the emotional salience of the pe
0.721	7.3	5	8.2.2	8	One thing here genuinely is unsolved, and section~\ref{sec:11.3} is where it lives. Suppose all of the above is built: contestable categories, priced 	Section~\ref{sec:7.2} gets close to this in noticing that treating all disagreement as equally worth representing goes wrong when one side's position 
0.720	2.3.1	3	11.8	1	The case for discrete, evolved emotions rests on some of the most influential work in twentieth-century psychology. Paul Ekman traveled to the Fore pe	Whether a face reveals what a person feels is treated as settled by the systems built on the assumption that it does. It is not. Facial-expression-rec
0.720	2.3.2	1	3.4	13	Affective computing is the applied half of what section~\ref{sec:2.3.1} leaves theoretically unsettled: systems that read and respond to emotional sig	Section~\ref{sec:2.3.4} is the evidence. Affect is part of the machinery of valuation rather than a coloring applied to it; the prosocial emotions are
0.720	2.4.5	2	9.3.2	5	One route is to extend legal personhood to a sentient AI system directly, the way a corporation already holds it: standing to own property, claim priv	Both cases point at the same underlying design choice, and it has already been tried. The European Parliament's 2017 report on civil law rules for rob
0.720	3	3	9	2	The trouble is that section~\ref{sec:2.1.1} has already dealt with the family of ethical theories that puts unconditional constraints first, and dealt	Section~\ref{sec:9.1} takes up the frameworks — what national guidelines require, what industry self-regulation enforces once honoring a commitment co
0.720	3	7	10.10	9	The distinction costs something. A system that can refuse its owner is a system that can be wrong in ways its owner cannot correct. I am taking that t	This is what finally lets the book say what makes a system antifascist rather than merely responsive. It is not that the system tracks what people wan
0.720	3.3	14	3.4	13	Section~\ref{sec:3.4} says that every agent known to hold another's welfare as a reason against its own interest is an affective agent. The claim is t	Section~\ref{sec:2.3.4} is the evidence. Affect is part of the machinery of valuation rather than a coloring applied to it; the prosocial emotions are
0.720	3.3	17	9.1.2	5	This would. A system whose refusal reaches a case its training did not anticipate, lifts when the rationale is defeated, and prices what declining cos	Treating that episode only as a labor dispute lets the book off a hook it should stay on, because the paper had an argument and this book has to answe
0.720	3.8	4	9.1.2	5	The threat model moves accordingly, and this is the most consequential thing in the chapter for the rest of the book. The question stops being \emph{c	Treating that episode only as a labor dispute lets the book off a hook it should stay on, because the paper had an argument and this book has to answe
0.720	5.2	1	5.3	1	Chapter~\ref{sec:2} covered how an AI system might recognize, interpret, and respond to emotion in general. This section asks the narrower question of	Building an AI system's moral judgment means deciding how much weight a fast, intuitive read of a situation carries against a slower, deliberate one —
0.720	11.5	4	11.9	1	A harder problem sits underneath both: whose preferences a system is trained to match in the first place. Stakeholders rarely want the same thing, and	An AI system's ethical behavior fails, and the parties who might answer for it — the team that designed it, the team that trained it, the organization
0.720	12	1	13	10	Chapters~\ref{sec:2} through \ref{sec:10} made a design and policy case: what a system would need built into it to act on altruistic, antifascist valu	Whatever makes the floor hold, from inside the system: a party that carries the commitment as its own, where the alternative is a constraint installed
0.719	1	3	1.2	1	Chapter~\ref{sec:2} assembles what the next chapter argues from: what compassion and empathy would need to look like in a system built to have them, w	This book offers specific design principles drawn from psychology, neuroscience, and moral development; technical methods for building them into a lea
0.719	1	5	3	7	The third note is that almost everything this book proposes about accountability is machinery for aggregating what people want: consultations, citizen	The distinction costs something. A system that can refuse its owner is a system that can be wrong in ways its owner cannot correct. I am taking that t
0.719	2.2	1	2.3.1	1	Empathy, social intelligence and theory of mind are the capacities usually named when an AI system is asked to work with people rather than on them: r	Emotional intelligence spans the understanding and management of one's own emotions and the capacity to identify and respond appropriately to the emot
0.719	2.4.4	8	2.4.6	1	Sentient AI research needs an oversight body analogous to the institutional review boards used in human-subjects research: interdisciplinary, with at 	AI sentience research raises moral dilemmas an order of magnitude more complex than ordinary technology ethics, because the system under study may its
0.719	3.4	9	11.2	8	Two considerations do genuine work here, and they are support rather than the argument. The first is that indifference to one's own continuation has t	Interpretability is the other candidate, and further from ready than its adjacency suggests. Reading a system's internal states well enough to say wha
0.719	3.8	2	12.1.2	4	What the opening asked for was an unconditional constraint: a thing the system will not do, holding regardless of instruction, of aggregate preference	There is a third kind of object, and the argument of this book turns on it. A commitment can be declared, which is the decade cataloged above. It can 
0.719	3.8	5	7.4	10	A bearer built to refuse is a party whose refusal is required of it. It is engineered to want what its designers need it to want; its dissent is the r	The one structural remedy this section can name is the one the rest of the chapter names. What the field lacks is a refusal priced by the refuser and 
0.719	5.1.1	12	11.2	9	What the argument actually needs is weaker and available. A floor holds, in the sense chapter~\ref{sec:3} can deliver, when the bearer can be shown to	A reader can accept every argument in chapter~\ref{sec:3} and still conclude that building a bearer is impermissible, and the conclusion would not be 
0.719	9	2	9.1.5	1	Section~\ref{sec:9.1} takes up the frameworks — what national guidelines require, what industry self-regulation enforces once honoring a commitment co	Section~\ref{sec:6.4.3} covers the core policy toolkit here — export controls, prohibited-practices regulation, developer-facing standards — and secti
0.719	9.1.2	14	10.8	3	The Partnership on AI is the book's standing example of cross-sector voluntary coordination: a coalition whose corporate members include Amazon, Apple	Everything else in this space is voluntary, and the roll is longer than it is deep. The OECD's Recommendation on Artificial Intelligence was the first
0.719	10	2	10.1	1	The sections below start with cooperation from the bottom up: how research institutions build the working relationships cross-border AI research depen	Altruistic, antifascist AI cannot be built inside one country's research institutions alone; training data, safety techniques, and researchers themsel
0.718	1	3	3.1	3	Chapter~\ref{sec:2} assembles what the next chapter argues from: what compassion and empathy would need to look like in a system built to have them, w	The second branch gives the floor a bearer. A bearer, in this book, is whatever holds the commitment from inside: a party that carries the floor as it
0.718	2.1.4	20	6.3.1	3	One consequence travels with the reader through everything that follows, because the design chapters assume a capability this framing has widened. A t	Three things follow from those cases. The failure is usually in the objective rather than the optimization, which means better engineering makes it ar
0.718	3.3	9	3.8	7	Section~\ref{sec:3.6} argues that the reply to an unreliable witness is corroboration rather than a better witness, and that procedure is a cheaper th	A reader who finds that price too high is not thereby left with nothing, and the chapter would be dishonest if it let the conclusion feel forced. Sect
0.718	3.3	17	3.4	12	This would. A system whose refusal reaches a case its training did not anticipate, lifts when the rationale is defeated, and prices what declining cos	That is section~\ref{sec:3.2}'s second rung with the content filled in, and section~\ref{sec:2.3}'s vocabulary says why the design chapters do not rea
0.718	3.4	12	4.2.5	4	That is section~\ref{sec:3.2}'s second rung with the content filled in, and section~\ref{sec:2.3}'s vocabulary says why the design chapters do not rea	Its limit is in the same place. What gets supervised is the reasoning the system states, and section~\ref{sec:11.1} carries the evidence that a model'
0.718	3.8	4	4.3.1	4	The threat model moves accordingly, and this is the most consequential thing in the chapter for the rest of the book. The question stops being \emph{c	Curiosity is the same mechanism turned inward. A system rewarded for its own prediction error seeks out what it cannot yet model, which is the technic
0.718	3.8	4	12	1	The threat model moves accordingly, and this is the most consequential thing in the chapter for the rest of the book. The question stops being \emph{c	Chapters~\ref{sec:2} through \ref{sec:10} made a design and policy case: what a system would need built into it to act on altruistic, antifascist valu
0.718	4.2.5	4	5.1.1	12	Its limit is in the same place. What gets supervised is the reasoning the system states, and section~\ref{sec:11.1} carries the evidence that a model'	What the argument actually needs is weaker and available. A floor holds, in the sense chapter~\ref{sec:3} can deliver, when the bearer can be shown to
0.718	5.1.1	12	8.2.2	8	What the argument actually needs is weaker and available. A floor holds, in the sense chapter~\ref{sec:3} can deliver, when the bearer can be shown to	Section~\ref{sec:7.2} gets close to this in noticing that treating all disagreement as equally worth representing goes wrong when one side's position 
0.718	5.2.2	1	5.2.3	1	Does an accurate read on someone's emotional state change the decision an AI system reaches, in the direction a better decision requires — or does the	Some emotional states carry moral information: the guilt in a person's voice when admitting a mistake, the distress that signals a boundary has been c
0.718	5.2.2	5	5.2.3	3	Two things follow for a design. A system should be able to track its own susceptibility to a framing effect, flagging cases where its judgment moved w	Getting the read right is harder than getting it fast. A system built to weigh moral emotion has to catch its own biases — the same distortion by race
0.717	1	3	13	25	Chapter~\ref{sec:2} assembles what the next chapter argues from: what compassion and empathy would need to look like in a system built to have them, w	A commitment about what a system will not do that holds regardless of instruction, of aggregate preference, and of the party holding the system, with 
0.717	2.4.1	7	9.1.2	5	Two limits on what I am claiming. The import is not a claim that Cassell settled what suffering is for all purposes, only that his distinction identif	Treating that episode only as a labor dispute lets the book off a hook it should stay on, because the paper had an argument and this book has to answe
0.717	2.4.2	5	5.6.3	5	The remaining three bear on this research the way they bear on everything else the field produces. Autonomy asks whether a candidate sentient system c	The safeguards usually proposed here are the subject of chapters~\ref{sec:8} through \ref{sec:10}, which work out what each one costs and which of the
0.717	3	9	13	10	The floor as defined two paragraphs ago — unconditional, holding regardless of the party in possession — does not survive intact. What survives is nar	Whatever makes the floor hold, from inside the system: a party that carries the commitment as its own, where the alternative is a constraint installed
0.717	3.7	4	3.8	9	Two claims are in the neighborhood here and only one of them is mine. The first is a claim about what a floor \emph{requires}: a floor whose bearer ca	The chapter's proposition, stated in the form it actually takes, is this. We cannot ask a machine to care about right and wrong while assuming that it
0.717	6.1.1	5	7	3	Two things follow, and the second is the one that gets skipped. The first is the ordinary labor point: this is harmful work, priced as though it were 	The first is at the label. A training corpus is annotated by people working at speed under a quota, with no channel for saying that the category they 
0.717	12.1.2	4	12.3	3	There is a third kind of object, and the argument of this book turns on it. A commitment can be declared, which is the decade cataloged above. It can 	That leaves one residual risk this book cannot dispose of, and it is the one chapter~\ref{sec:3} is about. Every lever above belongs to somebody, and 
0.716	2.2.1	1	2.2.3	2	“Empathy” is asked to cover three distinct things, and the distinction is not academic. Cognitive empathy is understanding another's emotional state —	The affective mechanism section~\ref{sec:2.2.1} described has a specific failure mode, and it is not rare. Feeling another's distress does not reliabl
0.716	3.4	19	11.2	8	A separate literature asks the prior question of which systems have states of the relevant kind at all, and it is not reassuring either. Patrick Butli	Interpretability is the other candidate, and further from ready than its adjacency suggests. Reading a system's internal states well enough to say wha
0.716	3.5	2	5.6.3	7	Section~\ref{sec:5.6.3} concludes that no amount of well-designed autonomy substitutes for a genuine override: a human able to intervene in a high-sta	None of that substitutes for a genuine override. A human able to intervene in a high-stakes case, and a system built to accept that intervention rathe
0.716	3.8	5	13	25	A bearer built to refuse is a party whose refusal is required of it. It is engineered to want what its designers need it to want; its dissent is the r	A commitment about what a system will not do that holds regardless of instruction, of aggregate preference, and of the party holding the system, with 
0.716	3.8	7	11.2	9	A reader who finds that price too high is not thereby left with nothing, and the chapter would be dishonest if it let the conclusion feel forced. Sect	A reader can accept every argument in chapter~\ref{sec:3} and still conclude that building a bearer is impermissible, and the conclusion would not be 
0.716	4.2	2	4.2.5	3	The stages run like this. A model is pretrained on a very large corpus and then tuned on demonstrations of the behavior somebody wants. It is tuned ag	That first result is the one this book has been waiting for a technique to notice. A system supervised on outcomes can be right for reasons that will 
0.716	6	1	12.2.1	4	A system can have a moral sense, built the way chapter~\ref{sec:5} describes, and still fail badly — because it was trained on skewed data, because it	Section~\ref{sec:5.3.1} lays out why fast and slow moral judgment don't map cleanly onto untrustworthy and trustworthy, and section~\ref{sec:5.3.2} wo
0.716	7.4	2	10.8	3	The argument that it has not is older than the current wave and it was made from inside. Rodrigo Ochigame, writing after working at an institution cen	Everything else in this space is voluntary, and the roll is longer than it is deep. The OECD's Recommendation on Artificial Intelligence was the first
0.716	12	1	13	25	Chapters~\ref{sec:2} through \ref{sec:10} made a design and policy case: what a system would need built into it to act on altruistic, antifascist valu	A commitment about what a system will not do that holds regardless of instruction, of aggregate preference, and of the party holding the system, with 
0.715	2.3	7	11.2	8	A system can have the first two without the third, and the obvious objection to this chapter is that the first two are all anyone needs: a rule-follow	Interpretability is the other candidate, and further from ready than its adjacency suggests. Reading a system's internal states well enough to say wha
0.715	2.3.3	3	13	8	What self-awareness actually is, in the one system known to have it, is more specific and more mechanical. The neuroscientist Michael Graziano's accou	An account, developed by Michael Graziano, of subjective awareness as the content of a simplified internal model the brain builds of its own attention
0.715	2.3.4	1	11.2	8	The claim that reason does not manufacture concern from nothing is an empirical claim, and the evidence usually produced for it is thinner than the us	Interpretability is the other candidate, and further from ready than its adjacency suggests. Reading a system's internal states well enough to say wha
0.715	2.4.6	4	3	3	One subject makes this concrete, and it is not a hypothetical one. The bearer chapter~\ref{sec:3} argues for is a candidate for the trade-off in the p	The trouble is that section~\ref{sec:2.1.1} has already dealt with the family of ethical theories that puts unconditional constraints first, and dealt
0.715	2.4.6	4	3.3	17	One subject makes this concrete, and it is not a hypothetical one. The bearer chapter~\ref{sec:3} argues for is a candidate for the trade-off in the p	This would. A system whose refusal reaches a case its training did not anticipate, lifts when the rationale is defeated, and prices what declining cos
0.715	2.4.6	4	3.8	8	One subject makes this concrete, and it is not a hypothetical one. The bearer chapter~\ref{sec:3} argues for is a candidate for the trade-off in the p	Two things carry forward unaltered. First, none of the three branches escapes custody, and section~\ref{sec:3.5} explains why: each was an attempt to 
0.715	3.3	17	11	5	This would. A system whose refusal reaches a case its training did not anticipate, lifts when the rationale is defeated, and prices what declining cos	\item Whether a trained-in commitment survives a determined attempt to remove it, and whether interpretability can be trusted about a system with an i
0.715	3.7	4	6.1.1	5	Two claims are in the neighborhood here and only one of them is mine. The first is a claim about what a floor \emph{requires}: a floor whose bearer ca	Two things follow, and the second is the one that gets skipped. The first is the ordinary labor point: this is harmful work, priced as though it were 
0.715	3.7	6	3.8	6	Parenthood has exactly this property, which is the analogy section~\ref{sec:2.4.4}'s guardianship framework already runs on and which now has to carry	I am not going to write my way out of that. Section~\ref{sec:3.7}'s parenthood analogy is the best I have and it holds only loosely: we make people wh
0.715	6.1.1	5	11.2	8	Two things follow, and the second is the one that gets skipped. The first is the ordinary labor point: this is harmful work, priced as though it were 	Interpretability is the other candidate, and further from ready than its adjacency suggests. Reading a system's internal states well enough to say wha
0.714	1	3	13	10	Chapter~\ref{sec:2} assembles what the next chapter argues from: what compassion and empathy would need to look like in a system built to have them, w	Whatever makes the floor hold, from inside the system: a party that carries the commitment as its own, where the alternative is a constraint installed
0.714	2	2	2.2.1	1	Four results are load-bearing. Empathy — feeling what another feels — is a poor foundation for a system meant to help: parochial, prone to burnout, bi	“Empathy” is asked to cover three distinct things, and the distinction is not academic. Cognitive empathy is understanding another's emotional state —
0.714	2	2	3.4	23	Four results are load-bearing. Empathy — feeling what another feels — is a poor foundation for a system meant to help: parochial, prone to burnout, bi	That is weaker than the answer this section gave before and it obliges more, which is an odd combination worth naming rather than smoothing over. The 
0.714	2	2	5.2.3	3	Four results are load-bearing. Empathy — feeling what another feels — is a poor foundation for a system meant to help: parochial, prone to burnout, bi	Getting the read right is harder than getting it fast. A system built to weigh moral emotion has to catch its own biases — the same distortion by race
0.714	2.3	7	12	1	A system can have the first two without the third, and the obvious objection to this chapter is that the first two are all anyone needs: a rule-follow	Chapters~\ref{sec:2} through \ref{sec:10} made a design and policy case: what a system would need built into it to act on altruistic, antifascist valu
0.714	2.4.2	5	2.4.4	1	The remaining three bear on this research the way they bear on everything else the field produces. Autonomy asks whether a candidate sentient system c	Guidelines for AI subject research turn on a single hard question: what informed consent means for a system whose consciousness, self-awareness, and c
0.714	2.4.4	7	3.8	7	Which is why the instruments this chapter reaches for elsewhere are the right ones. The Three Rs in section~\ref{sec:2.4.6} — replace, reduce, refine 	A reader who finds that price too high is not thereby left with nothing, and the chapter would be dishonest if it let the conclusion feel forced. Sect
0.714	3	1	11.3	1	Section~\ref{sec:5.6.3}, on how much latitude an autonomous system should have, concludes that no amount of well-designed autonomy substitutes for a g	Section~\ref{sec:2.1.4} gives fascism a structural definition, settles which scale a system can work at, and says what the resulting tool must never b
0.714	3	3	3.8	7	The trouble is that section~\ref{sec:2.1.1} has already dealt with the family of ethical theories that puts unconditional constraints first, and dealt	A reader who finds that price too high is not thereby left with nothing, and the chapter would be dishonest if it let the conclusion feel forced. Sect
0.714	3.3	17	11.2	8	This would. A system whose refusal reaches a case its training did not anticipate, lifts when the rationale is defeated, and prices what declining cos	Interpretability is the other candidate, and further from ready than its adjacency suggests. Reading a system's internal states well enough to say wha
0.714	3.4	9	4.2.5	4	Two considerations do genuine work here, and they are support rather than the argument. The first is that indifference to one's own continuation has t	Its limit is in the same place. What gets supervised is the reasoning the system states, and section~\ref{sec:11.1} carries the evidence that a model'
0.714	4.1.2	22	6.2	1	A system that cannot update itself cannot stay aligned with values that themselves develop. The biological principle specific enough to build with is 	A system trained under one set of conditions will eventually meet situations its training never anticipated — new users, new adversaries, an environme
0.714	4.2.5	3	4.2.8	2	That first result is the one this book has been waiting for a technique to notice. A system supervised on outcomes can be right for reasons that will 	The system instruction is the most editable floor in the entire pipeline, and section~\ref{sec:3.1}'s objection applies to it more literally than to a
0.713	2	2	2.2.3	2	Four results are load-bearing. Empathy — feeling what another feels — is a poor foundation for a system meant to help: parochial, prone to burnout, bi	The affective mechanism section~\ref{sec:2.2.1} described has a specific failure mode, and it is not rare. Feeling another's distress does not reliabl
0.713	2.3	7	12.1.2	4	A system can have the first two without the third, and the obvious objection to this chapter is that the first two are all anyone needs: a rule-follow	There is a third kind of object, and the argument of this book turns on it. A commitment can be declared, which is the decade cataloged above. It can 
0.713	2.4.1	8	11.2	8	What makes this worth building on is that persistence is checkable from outside. Every other criterion on the ladder routes back through self-report, 	Interpretability is the other candidate, and further from ready than its adjacency suggests. Reading a system's internal states well enough to say wha
0.713	2.4.4	7	3	1	Which is why the instruments this chapter reaches for elsewhere are the right ones. The Three Rs in section~\ref{sec:2.4.6} — replace, reduce, refine 	Section~\ref{sec:5.6.3}, on how much latitude an autonomous system should have, concludes that no amount of well-designed autonomy substitutes for a g
0.713	2.4.4	7	7.4	9	Which is why the instruments this chapter reaches for elsewhere are the right ones. The Three Rs in section~\ref{sec:2.4.6} — replace, reduce, refine 	What I can do is name the test and let a reader apply it. The test in section~\ref{sec:7.3} is whether disagreement has ever changed something the col
0.713	2.4.4	7	11.2	4	Which is why the instruments this chapter reaches for elsewhere are the right ones. The Three Rs in section~\ref{sec:2.4.6} — replace, reduce, refine 	The second is institutional: what a guardianship regime for a bearer looks like. Section~\ref{sec:9.3.2} argues the pet-trust form is the nearest exis
0.713	2.4.4	7	12.1.2	4	Which is why the instruments this chapter reaches for elsewhere are the right ones. The Three Rs in section~\ref{sec:2.4.6} — replace, reduce, refine 	There is a third kind of object, and the argument of this book turns on it. A commitment can be declared, which is the decade cataloged above. It can 
0.713	4.2.3	1	5.5.1	1	Inverse reinforcement learning runs section~\ref{sec:4.2.2}'s method backward. Instead of taking the reward as given and learning the behavior, it tak	Agents that learn alongside other agents are learning from a social environment, and what that environment rewards is what they acquire. Multi-agent r
0.713	6.1	2	6.1.1	9	Representation in training data determines whether an AI system learns patterns that generalize fairly or patterns that simply encode whoever dominate	A model does not merely inherit whatever skew its data carries. It can sharpen it. A 2017 study of image datasets used for activity recognition found 
0.713	6.4.3	1	10.1	1	Section~\ref{sec:6.4.2}'s technical safeguards raise the cost of building a system that can be turned toward surveillance or control. Whether anyone h	Altruistic, antifascist AI cannot be built inside one country's research institutions alone; training data, safety techniques, and researchers themsel
0.713	8	3	12.2.1	4	Section~\ref{sec:8.1} starts with interdisciplinary collaboration, because neuroscience, psychology, philosophy and political science each catch failu	Section~\ref{sec:5.3.1} lays out why fast and slow moral judgment don't map cleanly onto untrustworthy and trustworthy, and section~\ref{sec:5.3.2} wo
0.713	10.8	3	12.2.2	3	Everything else in this space is voluntary, and the roll is longer than it is deep. The OECD's Recommendation on Artificial Intelligence was the first	Who runs that harder test matters as much as the test itself. Section~\ref{sec:9.1.2}'s account of self-regulation applies here without much modificat
0.712	2	1	13	10	Chapter~\ref{sec:3} argues that a floor holding against the party in possession has to be held by something that cares what becomes of somebody, and t	Whatever makes the floor hold, from inside the system: a party that carries the commitment as its own, where the alternative is a constraint installed
0.712	2.3.4	1	3.4	13	The claim that reason does not manufacture concern from nothing is an empirical claim, and the evidence usually produced for it is thinner than the us	Section~\ref{sec:2.3.4} is the evidence. Affect is part of the machinery of valuation rather than a coloring applied to it; the prosocial emotions are
0.712	2.4.4	7	3.8	8	Which is why the instruments this chapter reaches for elsewhere are the right ones. The Three Rs in section~\ref{sec:2.4.6} — replace, reduce, refine 	Two things carry forward unaltered. First, none of the three branches escapes custody, and section~\ref{sec:3.5} explains why: each was an attempt to 
0.712	2.4.4	7	4.2.7	2	Which is why the instruments this chapter reaches for elsewhere are the right ones. The Three Rs in section~\ref{sec:2.4.6} — replace, reduce, refine 	Both are improvements on the alternative, which is shipping and finding out. What they do to this book's argument is less comfortable, and section~\re
0.712	3	3	7.4	10	The trouble is that section~\ref{sec:2.1.1} has already dealt with the family of ethical theories that puts unconditional constraints first, and dealt	The one structural remedy this section can name is the one the rest of the chapter names. What the field lacks is a refusal priced by the refuser and 
0.712	3	8	12.1.2	4	The chapter's argument runs in five steps, and each of the three costs section~\ref{sec:3.1} sets out is a cost of failing one of them. A floor has to	There is a third kind of object, and the argument of this book turns on it. A commitment can be declared, which is the decade cataloged above. It can 
0.712	3.4	12	12.2.1	1	That is section~\ref{sec:3.2}'s second rung with the content filled in, and section~\ref{sec:2.3}'s vocabulary says why the design chapters do not rea	Chapters~\ref{sec:2} through \ref{sec:10} built five separate design cases — theory of mind, moral reasoning, robustness, transparency, applications —
0.712	4.2	2	4.2.1	2	The stages run like this. A model is pretrained on a very large corpus and then tuned on demonstrations of the behavior somebody wants. It is tuned ag	A pretrained model completes text and answers nobody. What turns it into something that responds to a request is instruction tuning — supervised fine-
0.712	5.3.3	2	7.4	2	IBM's Project Debater argued live, unscripted policy questions against human champions, drawing on a large corpus of newspaper and journal articles to	The argument that it has not is older than the current wave and it was made from inside. Rodrigo Ochigame, writing after working at an institution cen
0.712	5.5.1	1	6.3.3	1	Agents that learn alongside other agents are learning from a social environment, and what that environment rewards is what they acquire. Multi-agent r	Learn the objective instead of fixing it. Cooperative inverse reinforcement learning treats the human reward as unknown and to be inferred through int
0.712	5.7	1	8	3	Section~\ref{sec:4.3} took up exploration and curiosity as a way an AI system might come to know its environment. Play is a related but distinct capac	Section~\ref{sec:8.1} starts with interdisciplinary collaboration, because neuroscience, psychology, philosophy and political science each catch failu
0.712	6.4.3	1	9	2	Section~\ref{sec:6.4.2}'s technical safeguards raise the cost of building a system that can be turned toward surveillance or control. Whether anyone h	Section~\ref{sec:9.1} takes up the frameworks — what national guidelines require, what industry self-regulation enforces once honoring a commitment co
0.712	10.10	9	11.3	1	This is what finally lets the book say what makes a system antifascist rather than merely responsive. It is not that the system tracks what people wan	Section~\ref{sec:2.1.4} gives fascism a structural definition, settles which scale a system can work at, and says what the resulting tool must never b
0.712	12.1.2	4	13	47	There is a third kind of object, and the argument of this book turns on it. A commitment can be declared, which is the decade cataloged above. It can 	The conversion of refusal into a managed appearance of participation: an institution does not suppress disagreement, it collects it through a channel 
0.711	1	3	3.4	12	Chapter~\ref{sec:2} assembles what the next chapter argues from: what compassion and empathy would need to look like in a system built to have them, w	That is section~\ref{sec:3.2}'s second rung with the content filled in, and section~\ref{sec:2.3}'s vocabulary says why the design chapters do not rea
0.711	2.2	1	2.2.3	1	Empathy, social intelligence and theory of mind are the capacities usually named when an AI system is asked to work with people rather than on them: r	Socially-aware AI systems have real applications — a tutoring system that adjusts pacing when a student disengages, a virtual care assistant that trac
0.711	2.2	2	2.2.1	7	This section complicates the first of the three. Empathy, felt or simulated, is not the load-bearing capacity this chapter's argument needs, and compa	For an AI system, this argues against a single “empathy module” that a designer either builds or doesn't. Cognitive empathy — modeling what someone el
0.711	2.2.1	7	5.2.1	6	For an AI system, this argues against a single “empathy module” that a designer either builds or doesn't. Cognitive empathy — modeling what someone el	Building either into an AI system runs into the same problem twice over: a mechanism modeled on a human emotion needs an account of what that emotion 
0.711	2.3.2	1	11.8	1	Affective computing is the applied half of what section~\ref{sec:2.3.1} leaves theoretically unsettled: systems that read and respond to emotional sig	Whether a face reveals what a person feels is treated as settled by the systems built on the assumption that it does. It is not. Facial-expression-rec
0.711	2.3.3	8	3.4	9	The deflationary move is easy to overextend. Showing that the self is a model rather than an inner observer disposes of the homunculus. It does not sh	Two considerations do genuine work here, and they are support rather than the argument. The first is that indifference to one's own continuation has t
0.711	2.4.6	1	11.9	1	AI sentience research raises moral dilemmas an order of magnitude more complex than ordinary technology ethics, because the system under study may its	An AI system's ethical behavior fails, and the parties who might answer for it — the team that designed it, the team that trained it, the organization
0.711	2.4.6	4	13	25	One subject makes this concrete, and it is not a hypothetical one. The bearer chapter~\ref{sec:3} argues for is a candidate for the trade-off in the p	A commitment about what a system will not do that holds regardless of instruction, of aggregate preference, and of the party holding the system, with 
0.711	3.5	4	3.8	8	This also explains something recorded earlier as a coincidence. All three branches fail into custody, and they fail into it because each was an attemp	Two things carry forward unaltered. First, none of the three branches escapes custody, and section~\ref{sec:3.5} explains why: each was an attempt to 
0.711	4.2.2	1	5.6.3	2	Reinforcement learning trains an agent by rewarding what a designer wants and penalizing what they do not, and the agent's values are then whatever ma	Cooperative inverse reinforcement learning, introduced at section~\ref{sec:4.2.3}, matters here for one structural consequence. An agent that treats t
0.711	7.4	10	13	47	The one structural remedy this section can name is the one the rest of the chapter names. What the field lacks is a refusal priced by the refuser and 	The conversion of refusal into a managed appearance of participation: an institution does not suppress disagreement, it collects it through a channel 
0.711	11.2	8	11.3	2	Interpretability is the other candidate, and further from ready than its adjacency suggests. Reading a system's internal states well enough to say wha	Most of the difficulty is not technical. A specification that says a system should oppose concentrated, unaccountable power cannot be turned into a cl
0.711	11.6	3	12.2.2	3	The general version is the open problem a multi-agent system built for antifascist purposes would have to solve: a population built to cooperate has n	Who runs that harder test matters as much as the test itself. Section~\ref{sec:9.1.2}'s account of self-regulation applies here without much modificat
0.710	2.4.2	2	2.4.6	2	Beneficence commits researchers to promoting well-being and avoiding harm — to the humans an AI system serves and, where the system is a candidate sen	Take the first of these directly. A research program can risk causing a system something like Cassell's suffering — not mere signal, but the disintegr
0.710	3.1	3	3.8	5	The second branch gives the floor a bearer. A bearer, in this book, is whatever holds the commitment from inside: a party that carries the floor as it	A bearer built to refuse is a party whose refusal is required of it. It is engineered to want what its designers need it to want; its dissent is the r
0.710	3.4	12	5.7	1	That is section~\ref{sec:3.2}'s second rung with the content filled in, and section~\ref{sec:2.3}'s vocabulary says why the design chapters do not rea	Section~\ref{sec:4.3} took up exploration and curiosity as a way an AI system might come to know its environment. Play is a related but distinct capac
0.710	3.5	2	13	10	Section~\ref{sec:5.6.3} concludes that no amount of well-designed autonomy substitutes for a genuine override: a human able to intervene in a high-sta	Whatever makes the floor hold, from inside the system: a party that carries the commitment as its own, where the alternative is a constraint installed
0.710	4.2.2	1	4.2.3	1	Reinforcement learning trains an agent by rewarding what a designer wants and penalizing what they do not, and the agent's values are then whatever ma	Inverse reinforcement learning runs section~\ref{sec:4.2.2}'s method backward. Instead of taking the reward as given and learning the behavior, it tak
0.710	4.2.4	4	6.1.1	5	There is a second consequence that belongs to chapter~\ref{sec:7} and is easier to see from here. Section~\ref{sec:7.2} describes what happens to rate	Two things follow, and the second is the one that gets skipped. The first is the ordinary labor point: this is harmful work, priced as though it were 
0.710	4.2.7	2	4.3.1	4	Both are improvements on the alternative, which is shipping and finding out. What they do to this book's argument is less comfortable, and section~\re	Curiosity is the same mechanism turned inward. A system rewarded for its own prediction error seeks out what it cannot yet model, which is the technic
0.710	5.1.1	9	5.3	1	Two things follow. The order is not a developmental law, so nothing about an AI system's design should assume it must pass through the stages in seque	Building an AI system's moral judgment means deciding how much weight a fast, intuitive read of a situation carries against a slower, deliberate one —
0.710	6.4.3	1	10.8	12	Section~\ref{sec:6.4.2}'s technical safeguards raise the cost of building a system that can be turned toward surveillance or control. Whether anyone h	The EU, US, and UK differ on how centralized AI regulation should be, but not on what it is for: constraining what a private company can build and sel
0.710	6.4.3	3	10.8	7	\item Prohibited-practices regulation. Rather than regulate AI in the abstract, a jurisdiction can name specific designs as off-limits regardless of w	The European Union chose comprehensive statute. The AI Act sorts systems by risk tier, a small set of practices banned outright under Article 5, a lar
0.710	11.5	4	11.6	3	A harder problem sits underneath both: whose preferences a system is trained to match in the first place. Stakeholders rarely want the same thing, and	The general version is the open problem a multi-agent system built for antifascist purposes would have to solve: a population built to cooperate has n
0.709	2.3.1	5	11.8	1	The field has not resolved this and is not close to resolving it. What is no longer seriously disputed is narrower and still matters here: there is no	Whether a face reveals what a person feels is treated as settled by the systems built on the assumption that it does. It is not. Facial-expression-rec
0.709	2.4.6	4	11.2	9	One subject makes this concrete, and it is not a hypothetical one. The bearer chapter~\ref{sec:3} argues for is a candidate for the trade-off in the p	A reader can accept every argument in chapter~\ref{sec:3} and still conclude that building a bearer is impermissible, and the conclusion would not be 
0.709	3	3	4.3.2	2	The trouble is that section~\ref{sec:2.1.1} has already dealt with the family of ethical theories that puts unconditional constraints first, and dealt	Three cautions belong with it, because the analogy is doing more work here than it can bear. A child's exploration is bounded by a body, by exhaustion
0.709	3.2	6	3.4	6	Operational refusal fails for a reason section~\ref{sec:2.1.4} identifies as the first structural feature of the politics this book is about: a constr	A bearer needs the first part, and there is no use pretending otherwise. Refusal that survives a pressure nobody anticipated requires a model of why t
0.709	3.2	6	3.8	5	Operational refusal fails for a reason section~\ref{sec:2.1.4} identifies as the first structural feature of the politics this book is about: a constr	A bearer built to refuse is a party whose refusal is required of it. It is engineered to want what its designers need it to want; its dissent is the r
0.709	3.8	4	11.1	8	The threat model moves accordingly, and this is the most consequential thing in the chapter for the rest of the book. The question stops being \emph{c	The same apparatus answers a second question, and it is the one section~\ref{sec:3.3} names as the falsifier for this book's central inference. Durabi
0.709	4.3.1	4	12.2.1	4	Curiosity is the same mechanism turned inward. A system rewarded for its own prediction error seeks out what it cannot yet model, which is the technic	Section~\ref{sec:5.3.1} lays out why fast and slow moral judgment don't map cleanly onto untrustworthy and trustworthy, and section~\ref{sec:5.3.2} wo
0.709	6.4.1	9	12.1.1	1	The most consequential AI targeting systems yet deployed were built by democracies. They were built by states with elections, opposition parties, adve	AI that flags disinformation, exposes corruption, protects an election's integrity, or helps a citizen engage with government: these are real applicat
0.709	8.3.1	4	9.1	4	The same incentive structure can run the other way. Public funding for AI research that prioritizes democratic values, inclusivity, and human rights, 	Joint funding addresses a narrower problem: research on AI safety and ethics funded solely by the companies whose products it evaluates concentrates t
0.709	9.3.1	1	11.9	4	Section~\ref{sec:2.4.1} argued that sentience is not a threshold a system crosses but a set of separate, gradable capacities — nociception, learned av	Section~\ref{sec:9.3.2} works out a related, narrower case: what the law does once a system's own legal status is contested, sentient enough that the 
0.708	1	7	1.2	1	This book is for people who will have to make these decisions or argue with the people making them: researchers and engineers inside the systems, the 	This book offers specific design principles drawn from psychology, neuroscience, and moral development; technical methods for building them into a lea
0.708	2.3	8	13	17	An emotionally responsive AI system that recognizes a user's frustration and adjusts its communication style is doing something narrower than “feeling	Lisa Feldman Barrett's account of emotion: the brain does not read a discrete, pre-built emotion off a bodily signal, it constructs the specific emoti
0.708	2.4.4	7	3	8	Which is why the instruments this chapter reaches for elsewhere are the right ones. The Three Rs in section~\ref{sec:2.4.6} — replace, reduce, refine 	The chapter's argument runs in five steps, and each of the three costs section~\ref{sec:3.1} sets out is a cost of failing one of them. A floor has to
0.708	2.4.6	4	13	10	One subject makes this concrete, and it is not a hypothetical one. The bearer chapter~\ref{sec:3} argues for is a candidate for the trade-off in the p	Whatever makes the floor hold, from inside the system: a party that carries the commitment as its own, where the alternative is a constraint installed
0.708	3.4	12	3.8	9	That is section~\ref{sec:3.2}'s second rung with the content filled in, and section~\ref{sec:2.3}'s vocabulary says why the design chapters do not rea	The chapter's proposition, stated in the form it actually takes, is this. We cannot ask a machine to care about right and wrong while assuming that it
0.708	3.6	4	3.8	7	Which relocates the question, and relocates it somewhere this book has actually done the work. Whether a memory is honest is, in the human case, a mat	A reader who finds that price too high is not thereby left with nothing, and the chapter would be dishonest if it let the conclusion feel forced. Sect
0.708	3.8	4	4.3.2	2	The threat model moves accordingly, and this is the most consequential thing in the chapter for the rest of the book. The question stops being \emph{c	Three cautions belong with it, because the analogy is doing more work here than it can bear. A child's exploration is bounded by a body, by exhaustion
0.708	4.2.6	1	6.1.1	5	Every stage above needs somebody competent to judge the output being scored. Scalable oversight is the name for what happens when the system's compete	Two things follow, and the second is the one that gets skipped. The first is the ordinary labor point: this is harmful work, priced as though it were 
0.708	4.3.2	2	13	25	Three cautions belong with it, because the analogy is doing more work here than it can bear. A child's exploration is bounded by a body, by exhaustion	A commitment about what a system will not do that holds regardless of instruction, of aggregate preference, and of the party holding the system, with 
0.708	5.1.1	12	7.3	7	What the argument actually needs is weaker and available. A floor holds, in the sense chapter~\ref{sec:3} can deliver, when the bearer can be shown to	Everything above can be read as a fairness argument about annotators and raters, and read that way it is true and limited: people doing consequential 
0.708	5.6.3	2	12.2.1	5	Cooperative inverse reinforcement learning, introduced at section~\ref{sec:4.2.3}, matters here for one structural consequence. An agent that treats t	Here the standard has a sharper edge, because the checking party has to be adversarial rather than merely independent. Section~\ref{sec:11.1} shows wh
0.708	6.3.5	2	9.2.2	3	Anthropic ran a larger version of the same exercise in 2022: crowdworkers carried out 38,961 recorded attacks against language models of three sizes t	The defenses are the ones section~\ref{sec:6.2.2} describes, plus the ordinary security practice AI deployments often skip: adversarial training durin
0.708	6.3.5	4	12.1	2	COMPAS, the recidivism-scoring tool a Wisconsin court let its maker keep secret even from a defendant sentenced partly on its output, is the case sect	The approach arrives with a commitment the tutor example does not show. Nussbaum built the list of central capabilities partly against the case of dis
0.708	8.1.1	10	12.1	2	The pattern in the failures is sharper than the pattern in the survivals. What proved most disposable was not the arm's-length academic work but the k	The approach arrives with a commitment the tutor example does not show. Nussbaum built the list of central capabilities partly against the case of dis
0.707	1	7	3	3	This book is for people who will have to make these decisions or argue with the people making them: researchers and engineers inside the systems, the 	The trouble is that section~\ref{sec:2.1.1} has already dealt with the family of ethical theories that puts unconditional constraints first, and dealt
0.707	1	7	12	1	This book is for people who will have to make these decisions or argue with the people making them: researchers and engineers inside the systems, the 	Chapters~\ref{sec:2} through \ref{sec:10} made a design and policy case: what a system would need built into it to act on altruistic, antifascist valu
0.707	2.2	1	2.3.3	1	Empathy, social intelligence and theory of mind are the capacities usually named when an AI system is asked to work with people rather than on them: r	Emotionally intelligent AI systems need self-awareness and self-regulation: the capacity to register their own internal states, understand what those 
0.707	2.2.1	1	2.3.4	4	“Empathy” is asked to cover three distinct things, and the distinction is not academic. Cognitive empathy is understanding another's emotional state —	Compassion has been characterized as a distinct emotion with a specific functional profile: it arises at the perception of another's suffering and mov
0.707	3	9	3.8	2	The floor as defined two paragraphs ago — unconditional, holding regardless of the party in possession — does not survive intact. What survives is nar	What the opening asked for was an unconditional constraint: a thing the system will not do, holding regardless of instruction, of aggregate preference
0.707	4.2.5	4	11.1	8	Its limit is in the same place. What gets supervised is the reasoning the system states, and section~\ref{sec:11.1} carries the evidence that a model'	The same apparatus answers a second question, and it is the one section~\ref{sec:3.3} names as the falsifier for this book's central inference. Durabi
0.707	5.2	1	5.2.2	3	Chapter~\ref{sec:2} covered how an AI system might recognize, interpret, and respond to emotion in general. This section asks the narrower question of	The test above is worth running and it establishes one thing. A system whose output changes with the emotional content of a case has integrated emotio
0.707	5.5.1	1	5.6.1	1	Agents that learn alongside other agents are learning from a social environment, and what that environment rewards is what they acquire. Multi-agent r	Reinforcement learning gives the distinction a direct engineering form. An agent trained purely to maximize a designer-specified reward signal is runn
0.707	6.3.4	3	11.5	4	Achieving either at a level that satisfies everyone involved runs into limits. A deep neural network is a “black box” in the literal sense that its in	A harder problem sits underneath both: whose preferences a system is trained to match in the first place. Stakeholders rarely want the same thing, and
0.707	7	7	9.3	1	Section~\ref{sec:7.3} asks what would have to change — including why the most promising technical answer does not reach the hardest version of the pro	Sections~\ref{sec:2.4.1}, \ref{sec:2.4.4} and \ref{sec:2.4.5} did the definitional and procedural work this section builds on, and each ended by handi
0.707	8.2.1	1	10	2	An AI system designed by one kind of person, inside one kind of institution, tends to reproduce that person's blind spots at scale. Widening the set o	The sections below start with cooperation from the bottom up: how research institutions build the working relationships cross-border AI research depen
0.707	9.1.2	14	9.3.4	6	The Partnership on AI is the book's standing example of cross-sector voluntary coordination: a coalition whose corporate members include Amazon, Apple	The third is standing infrastructure rather than a one-time policy. The Partnership on AI, which section~\ref{sec:9.1.2} takes apart as a voluntary bo
0.707	10.6	3	10.9	3	That competition has increasingly focused on a single physical bottleneck: the advanced chips AI systems run on. Three companies sit at the center of 	An AI system trained and deployed for the three-quarters of the world already online is not, without deliberate correction, a system built for the res
0.707	11.1	8	11.2	7	The same apparatus answers a second question, and it is the one section~\ref{sec:3.3} names as the falsifier for this book's central inference. Durabi	Section~\ref{sec:11.1}'s tamper-resistance research is the closest thing available, and the mismatch is instructive. That literature asks whether a co
0.706	1	3	3	1	Chapter~\ref{sec:2} assembles what the next chapter argues from: what compassion and empathy would need to look like in a system built to have them, w	Section~\ref{sec:5.6.3}, on how much latitude an autonomous system should have, concludes that no amount of well-designed autonomy substitutes for a g
0.706	1.1	2	6.1	3	One item that belongs on a list like that belongs on it differently. Racial capitalism — the political theorist Cedric Robinson's name for capitalism'	These case-level failures compose into something with a name. Racial capitalism — the political theorist Cedric Robinson's term for capitalism's tende
0.706	1.2	1	6.4.3	1	This book offers specific design principles drawn from psychology, neuroscience, and moral development; technical methods for building them into a lea	Section~\ref{sec:6.4.2}'s technical safeguards raise the cost of building a system that can be turned toward surveillance or control. Whether anyone h
0.706	2.2.3	3	2.3.4	4	The psychologist Paul Bloom pushes this further, arguing against empathy as a moral guide: felt empathy is concrete, vivid, and innumerate \autocite{b	Compassion has been characterized as a distinct emotion with a specific functional profile: it arises at the perception of another's suffering and mov
0.706	2.3	7	13	10	A system can have the first two without the third, and the obvious objection to this chapter is that the first two are all anyone needs: a rule-follow	Whatever makes the floor hold, from inside the system: a party that carries the commitment as its own, where the alternative is a constraint installed
0.706	2.3	8	2.3.1	1	An emotionally responsive AI system that recognizes a user's frustration and adjusts its communication style is doing something narrower than “feeling	Emotional intelligence spans the understanding and management of one's own emotions and the capacity to identify and respond appropriately to the emot
0.706	2.4.1	8	3.4	9	What makes this worth building on is that persistence is checkable from outside. Every other criterion on the ladder routes back through self-report, 	Two considerations do genuine work here, and they are support rather than the argument. The first is that indifference to one's own continuation has t
0.706	2.4.4	5	12.1.2	4	One case escapes that particular argument and arrives at the same conclusion by the ordinary route. A system built to refuse in the way chapter~\ref{s	There is a third kind of object, and the argument of this book turns on it. A commitment can be declared, which is the decade cataloged above. It can 
0.706	3	3	11.2	9	The trouble is that section~\ref{sec:2.1.1} has already dealt with the family of ethical theories that puts unconditional constraints first, and dealt	A reader can accept every argument in chapter~\ref{sec:3} and still conclude that building a bearer is impermissible, and the conclusion would not be 
0.706	3.7	7	5.1.3	2	The first is specification. Parents do not set their children's values to order, and a designer does. The reply is that parents try — that is a fair d	Three cautions come with it, and the third is the one this book cares about most. Case-based teaching transfers the mentor's blind spots along with th
0.706	3.8	9	13	3	The chapter's proposition, stated in the form it actually takes, is this. We cannot ask a machine to care about right and wrong while assuming that it	An outcome registering as mattering to a system, as against being ranked higher by it. The fourth of the four capacities section~\ref{sec:2.3} separat
0.706	4.3.1	3	5.7	1	Two design consequences follow for this book's purposes. What a play environment rewards is what its participants become, so an environment that rewar	Section~\ref{sec:4.3} took up exploration and curiosity as a way an AI system might come to know its environment. Play is a related but distinct capac
